hotel_address,country
Stratton Street Mayfair Westminster Borough London W1J 8LT United Kingdom,West End
130 134 Southampton Row Camden London WC1B 5AF United Kingdom,Holborn & Covent Garden
151 bis Rue de Rennes 6th arr 75006 Paris France,Paris
216 Avenue Jean Jaures 19th arr 75019 Paris France,Paris
Molenwerf 1 1014 AG Amsterdam Netherlands,West
Via Mecenate 121 20138 Milan Italy,Municipio 4
97 Cromwell Road Kensington and Chelsea London SW7 4DN United Kingdom,Royal Borough of Kensington and Chelsea
Josefsgasse 4 6 08 Josefstadt 1080 Vienna Austria,Josefstadt
190 Queen s Gate Kensington and Chelsea London SW7 5EX United Kingdom,Knightsbridge & Belgravia
Holland Park Avenue Kensington and Chelsea London W11 4UL United Kingdom,Holland
34 44 Barkston Gardens Kensington and Chelsea London SW5 0EW United Kingdom,Earl's Court
16 Sumner Place Kensington and Chelsea London SW7 3EG United Kingdom,Brompton
Putget 68 Sarri St Gervasi 08023 Barcelona Spain,Sarrià - Sant Gervasi
Caspe 103 Eixample 08013 Barcelona Spain,Eixample
1 Kings Cross Road Islington London WC1X 9HX United Kingdom,King's Cross
Wrights Lane Kensington and Chelsea London W8 5SP United Kingdom,Abingdon
59 Leinster Square Kensington and Chelsea London W2 4PS United Kingdom,Bayswater
Pintor Fortuny 13 Ciutat Vella 08001 Barcelona Spain,Old Town
20 Upper Ground Southwark London SE1 9PD United Kingdom,Borough & Bankside
152 Cricklewood Broadway Cricklewood London NW2 3ED United Kingdom,Cricklewood
10a Chestnut Plaza Westfield Stratford City Olympic Park Newham London E20 1GL United Kingdom,Stratford Olympic Park
1 Addington Street Lambeth London SE1 7RY United Kingdom,Waterloo
8 rue Laferriere 9th arr 75009 Paris France,Paris
K rntner Ring 8 01 Innere Stadt 1010 Vienna Austria,Vienna
Balmes 117 Eixample 08008 Barcelona Spain,Eixample
Delflandlaan 15 Slotervaart 1062 EA Amsterdam Netherlands,Amsterdam
Apollolaan 138 Oud Zuid 1077 BG Amsterdam Netherlands,Zuid
88 Holland Road Kensington and Chelsea London W14 8BN United Kingdom,Holland
Karspeldreef 2 Zuidoost 1101 CJ Amsterdam Netherlands,Zuidoost
130 135 Minories City of London London EC3N 1NU United Kingdom,Tower
Rusland 17 Amsterdam City Center 1012 CK Amsterdam Netherlands,Amsterdam
163 Marsh Wall Docklands Tower Hamlets London E14 9SJ United Kingdom,Canary Wharf
36 37 Lancaster Gate Westminster Borough London W2 3NA United Kingdom,Lancaster Gate
Via Fatebenefratelli 21 Milan City Center 20121 Milan Italy,Borgonuovo
65 73 Shaftesbury Avenue Westminster Borough London W1D 6EX United Kingdom,West End
20 Rue Jean Rey 15th arr 75015 Paris France,Paris
28 Ebury Street Westminster Borough London SW1W 0LU United Kingdom,Knightsbridge & Belgravia
Pallars 121 125 Sant Mart 08018 Barcelona Spain,Sant Martí
Diputaci 257 Eixample 08007 Barcelona Spain,la Dreta de l'Eixample
Leidsekade 97 Amsterdam City Center 1017 PN Amsterdam Netherlands,Amsterdam
97 Great Russell Street Bloomsbury Camden London WC1B 3LB United Kingdom,Bloomsbury
70 avenue des Champs Elysees 8th arr 75008 Paris France,Paris
Rotenturmstra e 15 01 Innere Stadt 1010 Vienna Austria,Vienna
South Quay Marsh Wall Tower Hamlets London E14 9SH United Kingdom,Canary Wharf
Gran V a de les Corts Catalanes 322 Sants Montju c 08004 Barcelona Spain,la Font de la Guatlla
209 211 rue de Charenton 12th arr 75012 Paris France,Paris
Sancho de vila 32 34 Sant Mart 08018 Barcelona Spain,Sant Martí
64 76 Hendon Way London NW2 2NL United Kingdom,Childs Hill
7 Pepys Street City of London London EC3N 4AF United Kingdom,Leadenhall Market
2 The Avenue Ealing London W13 8PH United Kingdom,Hanwell
218 rue de Rivoli 1st arr 75001 Paris France,Paris
92 Southampton Row Camden London WC1B 4BH United Kingdom,Bloomsbury
1a Lexham Gardens Kensington and Chelsea London W8 5JJ United Kingdom,Earl's Court
Mariahilfer Stra e 15 06 Mariahilf 1060 Vienna Austria,Vienna
Via Tarchetti 2 Milan City Center 20121 Milan Italy,Brera
24 Ludgate Hill City of London London EC4M 7DR United Kingdom,City of London
Prins Hendrikkade 33 Amsterdam City Center 1012 TM Amsterdam Netherlands,Amsterdam
33 37 Hogarth Road Kensington and Chelsea London SW5 0QQ United Kingdom,Earl's Court
Schottenring 3 01 Innere Stadt 1010 Vienna Austria,Vienna
Piazza Duca D Aosta 4 6 Central Station 20124 Milan Italy,Municipio 2
Arlandaweg 10 Westpoort 1043 EW Amsterdam Netherlands,Nieuw-West
Hintschiggasse 1 10 Favoriten 1100 Vienna Austria,Vienna
34 Norfolk Place Paddington Westminster Borough London W2 1QW United Kingdom,Hyde Park
Avinguda Catedral 7 Ciutat Vella 08002 Barcelona Spain,Old Town
181 Cromwell Road Kensington and Chelsea London SW5 0SF United Kingdom,Earl's Court
1 Shortlands Hammersmith and Fulham London W6 8DR United Kingdom,Brook Green
Panama Laan 188 196 Zeeburg 1019 AZ Amsterdam Netherlands,Amsterdam
Westminster Bridge Road Lambeth London SE1 7UT United Kingdom,Waterloo & South Bank
11 12 Poplar Mews Shepherd s Bush Hammersmith and Fulham London W12 7JS United Kingdom,Shepherd's Bush Green
Sonnenhofgasse 8 10 05 Margareten 1050 Vienna Austria,Margareten
54 Upper Berkeley Street Westminster Borough London W1H 7QR United Kingdom,Marylebone
30 Barkston Gardens Kensington and Chelsea London SW5 0EN United Kingdom,Earl's Court
52 Chiswell Street City of London London EC1Y 4SD United Kingdom,Barbican
354 Queenstown Road Battersea London SW8 4AE United Kingdom,Wandsworth
7 rue Cl ment Marot 8th arr 75008 Paris France,Paris
Hendrikje Stoffelstraat 1 Slotervaart 1058 GC Amsterdam Netherlands,Amsterdam
Stubenring 2 01 Innere Stadt 1010 Vienna Austria,Vienna
Gran Via Corts Catalanes 656 Eixample 08010 Barcelona Spain,Eixample
419 437 Hackney Road London E2 8PP United Kingdom,Bethnal Green West
4 rue Danton 6th arr 75006 Paris France,Paris
Empire Way Wembley Brent London HA9 8DS United Kingdom,Wembley Park
Singel 303 309 Amsterdam City Center 1012 WJ Amsterdam Netherlands,Amsterdam
Piazza Gerusalemme 12 Sempione 20154 Milan Italy,Bullona
4 18 Harrington Gardens Kensington and Chelsea London SW7 4LH United Kingdom,Courtfield
12 Lancaster Gate Lancaster Gate Westminster Borough London W2 3LG United Kingdom,Lancaster Gate
202 rue de Rivoli 1st arr 75001 Paris France,Paris
Oudeschans 75 Amsterdam City Center 1011 KW Amsterdam Netherlands,Amsterdam
Bryanston Street Marble Arch Westminster Borough London W1H 7EH United Kingdom,West End
Josep Pla 69 Sant Mart 08019 Barcelona Spain,Diagonal Mar i el Front Maritim del Poblenou
Prins Hendrikkade 59 72 Amsterdam City Center 1012 AD Amsterdam Netherlands,Amsterdam
Oosterdoksstraat 4 Amsterdam City Center 1011 DK Amsterdam Netherlands,Amsterdam
Chelsea Harbour Hammersmith and Fulham London SW10 0XG United Kingdom,Sands End
5 Curzon St Westminster Borough London W1J 5HL United Kingdom,West End
Mallorca 269 271 Eixample 08008 Barcelona Spain,Eixample
21 rue de Dunkerque 10th arr 75010 Paris France,Paris
173 185 Greenwich High Rd Greenwich London SE10 8JA United Kingdom,Greenwich Park
1 3 Queens Garden Westminster Borough London W2 3BA United Kingdom,Lancaster Gate
Half Moon Street Westminster Borough London W1J 7BN United Kingdom,Mayfair
100 Shoreditch High Street Hackney London E1 6JQ United Kingdom,Shoreditch
Portland Place Westminster Borough London W1B 1JA United Kingdom,Marylebone
Paseo Garc a Faria 37 47 Sant Mart 08019 Barcelona Spain,Barcelona
31 34 Queen s Gate Kensington and Chelsea London SW7 5JA United Kingdom,Queen's Gate
Via Santa Marta 4 Milan City Center 20123 Milan Italy,Cinque Vie
Lakeside Way Brent London HA9 0BU United Kingdom,Wembley Park
2 8 Hanger Lane Ealing Common London W5 3HN United Kingdom,Ealing Common
Hoogoorddreef 66 Zuidoost 1101 BE Amsterdam Netherlands,Zuidoost
Great Cumberland Place Westminster Borough London W1H 7DL United Kingdom,West End
One Eastern Gateway Royal Victoria Dock Newham London E16 1FR United Kingdom,Royal Victoria
Aldwych Westminster Borough London WC2B 4DD United Kingdom,St James's
Westside Wimbledon Common Wimbledon London SW19 4UE United Kingdom,Village
36 Great st Helens City of London London EC3A 6AP United Kingdom,Leadenhall Market
19 Boulevard De La Tour Maubourg 7th arr 75007 Paris France,Paris
225 High Street Kensington Kensington and Chelsea London W8 6SA United Kingdom,Kensington
Savoyenstra e 2 16 Ottakring 1160 Vienna Austria,Vienna
Rec Comtal 16 18 Ciutat Vella 08003 Barcelona Spain,Sant Pere
21 Piccadilly Westminster Borough London W1J 0BH United Kingdom,West End
45 Prescot Street City of London London E1 8GP United Kingdom,Whitechapel
Gran Via 550 Eixample 08011 Barcelona Spain,Eixample
Nieuwezijdskolk 19 Amsterdam City Center 1012 PV Amsterdam Netherlands,Centrum
11bis Rue Godot de Mauroy 9th arr 75009 Paris France,Paris
2 Bridge Place Victoria Westminster Borough London SW1V 1QA United Kingdom,Pimlico North
15 rue Edouard Manet 13th arr 75013 Paris France,Paris
3 South Place City of London London EC2M 2AF United Kingdom,Bunhill
12 Folgate Street City of London London E1 6BX United Kingdom,Spitalfields & Banglatown
129 Bayswater Road London W2 4RJ United Kingdom,Lancaster Gate
30 Leinster Gardens Bayswater Westminster Borough London W2 3AN United Kingdom,Lancaster Gate
23 Leinster Gardens Westminster Borough London W2 3AN United Kingdom,Lancaster Gate
15 Rue De La Grande Chaumi re 6th arr 75006 Paris France,Paris
Fulham Road Stamford Bridge Hammersmith and Fulham London SW6 1HS United Kingdom,Walham Green
Avenida Diagonal 1 Sant Mart 08019 Barcelona Spain,Sant Martí
11 15 Rue De Lyon 12th arr 75012 Paris France,Paris
5 7 Princes Square Kensington and Chelsea London W2 4NP United Kingdom,Bayswater
Via Murat 21 Niguarda 20159 Milan Italy,Municipio 9
Vijzelstraat 4 Amsterdam City Center 1017 HK Amsterdam Netherlands,Amsterdam
Leeuwendalersweg 21 Bos en Lommer 1055 JE Amsterdam Netherlands,West
61 Gloucester Road Kensington and Chelsea London SW7 4PE United Kingdom,South Kensington
2 24 Kensington High St Kensington and Chelsea London W8 4PT United Kingdom,Campden
Calabria 90 92 Eixample 08015 Barcelona Spain,Eixample
50 rue des Bernardins 5th arr 75005 Paris France,Paris
Wurzbachgasse 21 15 Rudolfsheim F nfhaus 1150 Vienna Austria,Vienna
28 Basil Street Kensington and Chelsea London SW3 1AS United Kingdom,Chelsea
Oude Haagseweg 20 Slotervaart 1066 BW Amsterdam Netherlands,Amsterdam
Pla a de Llevant s n Sant Mart 08019 Barcelona Spain,Sant Martí
1 Inverness Terrace Westminster Borough London W2 3JP United Kingdom,Lancaster Gate
Taborstra e 12 02 Leopoldstadt 1020 Vienna Austria,Vienna
33 avenue de Friedland 8th arr 75008 Paris France,Paris
10 Berners Street Westminster Borough London W1T 3NP United Kingdom,West End
11 Rue de l Arcade 8th arr 75008 Paris France,Paris
43 51 Wembley Hill Road Brent London HA9 8AU United Kingdom,Wembley Hill
46 Blackfriars Road Southwark London SE1 8NZ United Kingdom,Southwark
171 Knightsbridge Westminster Borough London SW7 1DW United Kingdom,Knightsbridge & Belgravia
Catherine Grove Greenwich Greenwich London SE10 8BB United Kingdom,Greenwich Park
277 Carrer de Proven a Eixample 08037 Barcelona Spain,Eixample
Plaza Parade Camden London NW6 5RP United Kingdom,Kilburn
173 Gloucester Place Westminster Borough London NW1 6DX United Kingdom,Regent's Park
1 15 Templeton Place Earl s Court Kensington and Chelsea London SW5 9NB United Kingdom,Earl's Court
100 Queen s Gate Kensington and Chelsea London SW7 5AG United Kingdom,Brompton
Nieuwezijds Voorburgwal 67 Amsterdam City Center 1012 RE Amsterdam Netherlands,Amsterdam
41 Great Cumberland Place Westminster Borough London W1H 7LG United Kingdom,Marylebone
Passeig de Gracia 62 Eixample 08007 Barcelona Spain,Eixample
Prinses Irenestraat 30 Zuideramstel 1077 WX Amsterdam Netherlands,Zuid
Rilke Platz 7 04 Wieden 1040 Vienna Austria,Vienna
52 54 Upper Richmond Road Wandsworth London SW15 2RN United Kingdom,East Putney
Piazza Luigi di Savoia 6 Central Station 20124 Milan Italy,Municipio 2
16 boulevard Haussmann 9th arr 75009 Paris France,Paris
2 Wallenberg Place Westminster Borough London W1H 7TN United Kingdom,Marylebone
Western Gateway Newham London E16 1FA United Kingdom,Royal Victoria
Mandeville Place Westminster Borough London W1U 2BE United Kingdom,Marylebone
134 George Street Westminster Borough London W1H 5DN United Kingdom,Marylebone
13 rue Saint Sulpice 6th arr 75006 Paris France,Paris
61 Lincoln s Inn Fields Camden London WC2A 3JW United Kingdom,Holborn
14 rue de la Tremoille 8th arr 75008 Paris France,Paris
10 Godliman Street City of London London EC4V 5AJ United Kingdom,City of London
Avenida Diagonal 205 Sant Mart 08018 Barcelona Spain,Sant Martí
40 trinity square City of London London EC3N 4DJ United Kingdom,St Katharine's & Wapping
Via Rubens 21 San Siro 20148 Milan Italy,Municipio 7
Favoritenstra e 12 04 Wieden 1040 Vienna Austria,Vienna
2 Stanhope Row Park Lane Westminster Borough London W1J 7BS United Kingdom,Southwark
De Passage 90 Noord Holland Zuidoost 1101 AX Amsterdam Netherlands,Zuidoost
Lowndes Street Kensington and Chelsea London SW1X 9ES United Kingdom,Knightsbridge & Belgravia
27 Devonshire Terrace Westminster Borough London W2 3DP United Kingdom,Lancaster Gate
5 rue des Arquebusiers 3rd arr 75003 Paris France,Paris
Avenida Meridiana 151 Sant Mart 08026 Barcelona Spain,el Camp de l'Arpa del Clot
Largo Augusto 10 Milan City Center 20122 Milan Italy,Pasquirolo
Scarsdale Place Kensington Kensington and Chelsea London W8 5SY United Kingdom,Abingdon
Viale Bianca Maria 4 Milan City Center 20129 Milan Italy,Municipio 1
101 Buckingham Palace Road Westminster Borough London SW1W 0SJ United Kingdom,Pimlico North
Viale Andrea Doria 4 Central Station 20124 Milan Italy,Municipio 2
151 157 City Road Shoreditch Islington London EC1V 1JS United Kingdom,Hoxton West
Tilling Road London NW2 1LP United Kingdom,Cricklewood
Schepenbergweg 50 Zuidoost 1105 AT Amsterdam Netherlands,Zuidoost
5 rue de Berri 8th arr 75008 Paris France,Paris
Habsburgergasse 5 01 Innere Stadt 1010 Vienna Austria,Vienna
7 Gracechurch Street City of London London EC3V 0DR United Kingdom,Leadenhall Market
Harmoniegasse 5 7 09 Alsergrund 1090 Vienna Austria,Rossau
2 place des Pyramides 1st arr 75001 Paris France,Paris
7 Western Gateway Royal Victoria Dock Newham London E16 1AA United Kingdom,Royal Victoria
140 Gloucester Road Kensington and Chelsea London SW7 4QH United Kingdom,Courtfield
81 Great Eastern Street Islington London EC2A 3HU United Kingdom,Hoxton East & Shoreditch
13 Rue De La Paix 2nd arr 75002 Paris France,Paris
Via Albricci 2 4 Milan City Center 20122 Milan Italy,Pantano
12 14 Rue Joseph De Maistre 18th arr 75018 Paris France,Paris
Naritaweg 1 Westpoort 1043 BP Amsterdam Netherlands,Nieuw-West
1 2 Serjeant s Inn Fleet Street City of London London EC4Y 1LL United Kingdom,City of London
Roger de Lluria 16 18 Eixample 08010 Barcelona Spain,Eixample
225 Edgware Road Westminster Borough London W2 1JU United Kingdom,Hyde Park
45 St Martin s Lane Westminster Borough London WC2N 4HX United Kingdom,St James's
George Street Westminster Borough London W1H 5BJ United Kingdom,Marylebone
Nieuwezijds Voorburgwal 176 180 Amsterdam City Center 1012 SJ Amsterdam Netherlands,Amsterdam
20 Nevern Square Kensington and Chelsea London SW5 9PD United Kingdom,Earl's Court
22 Portman Square Westminster Borough London W1H 7BG United Kingdom,Marylebone
626 Chiswick High St Chiswick London W4 5RY United Kingdom,Chiswick Gunnersbury
49 53 New Road Tower Hamlets London E1 1HH United Kingdom,Whitechapel
100 Cromwell Road Kensington and Chelsea London SW7 4ER United Kingdom,Royal Borough of Kensington and Chelsea
Apollolaan 2 Oud Zuid 1077 BA Amsterdam Netherlands,Zuid
Roemer Visscherstraat 8 10 Oud West 1054 EV Amsterdam Netherlands,Amsterdam
14 Rue St Simon 7th arr 75007 Paris France,Paris
100 110 Euston Road Camden London NW1 2AJ United Kingdom,St Pancras & Somers Town
Las Ramblas 117 Ciutat Vella 08002 Barcelona Spain,la Dreta de l'Eixample
2 Caxton Street Westminster Borough London SW1H 0QW United Kingdom,St James's
Prinsengracht 315 331 Amsterdam City Center 1016 GZ Amsterdam Netherlands,Amsterdam
41 54 Buckingham Gate Westminster Borough London SW1E 6AF United Kingdom,St James's
372 Strand Westminster Borough London WC2R 0JJ United Kingdom,St James's
7 8 Park Place Westminster Borough London SW1A 1LP United Kingdom,St James's
Webgasse 23 06 Mariahilf 1060 Vienna Austria,Vienna
17 25 Sloane Street Knightsbridge Kensington and Chelsea London SW1X 9NU United Kingdom,Brompton & Hans Town
Pelai 28 Ciutat Vella 08002 Barcelona Spain,Old Town
2 Rue Hector Malot 12th arr 75012 Paris France,Paris
Bergara 11 Eixample 08002 Barcelona Spain,Eixample
44 Grosvenor Square Westminster Borough London W1K 2HP United Kingdom,West End
265 Rotherhithe Street Southwark London SE16 5HW United Kingdom,Rotherhithe
Corso Buenos Aires 3 Milan City Center 20124 Milan Italy,Municipio 3
Travessera de les Corts 150 152 Les Corts 08028 Barcelona Spain,les Corts
Sch nbrunner Stra e 41 05 Margareten 1050 Vienna Austria,Vienna
Gran Via 605 Eixample 08007 Barcelona Spain,Sants-Montjuïc
88 Queens Gate Kensington and Chelsea London SW7 5AB United Kingdom,Courtfield
Poultry 27 City of London London EC2R 8AJ United Kingdom,City of London
Piazza Fontana 3 Milan City Center 20122 Milan Italy,Pasquirolo
Stadhouderskade 12 Oud West 1054 ES Amsterdam Netherlands,West
Rembrandtplein 26 36 Amsterdam City Center 1017 CV Amsterdam Netherlands,Amsterdam
165 rue de Rome 17th arr 75017 Paris France,Paris
6 Holywell Lane Hackney London EC2A 3ET United Kingdom,Shoreditch
Wibautstraat 129 Oost 1091 GL Amsterdam Netherlands,Oost
K rntner Ring 9 01 Innere Stadt 1010 Vienna Austria,Vienna
7 Rue Magellan 8th arr 75008 Paris France,Paris
Via Santo Spirito 20 Milan City Center 20121 Milan Italy,Borgonuovo
Stephansplatz 12 01 Innere Stadt 1010 Vienna Austria,Vienna
Kattengat 1 Amsterdam City Center 1012 SZ Amsterdam Netherlands,Amsterdam
230 A Mile End Road Tower Hamlets London E1 4LJ United Kingdom,St Dunstan's
Via Domenico Scarlatti 24 Central Station 20124 Milan Italy,Municipio 2
81 boulevard Gouvion Saint Cyr 17th arr 75017 Paris France,Paris
5 Fairmont Avenue Canary Wharf Tower Hamlets London E14 9JB United Kingdom,Blackwall & Cubitt Town
58 Shepherds Bush Green Hammersmith and Fulham London W12 8QE United Kingdom,Shepherd's Bush
Lerchenfelder Stra e 1 3 07 Neubau 1070 Vienna Austria,Vienna
Santa Rosa Esplugues 33 08950 Barcelona Spain,Finestrelles
Via Tiziano 6 Fiera Milano City 20145 Milan Italy,Tre Torri
23 25 rue de Pont Neuf 1st arr 75001 Paris France,Paris
10 rue de Bruxelles 9th arr 75009 Paris France,Paris
Avenida Bogatell 64 68 Sant Mart 08005 Barcelona Spain,Sant Martí
3 rue du Pr aux Clercs 7th arr 75007 Paris France,Paris
Matrosengasse 6 8 06 Mariahilf 1060 Vienna Austria,Gumpendorf
150 Piccadilly Westminster Borough London W1J 9BR United Kingdom,St James's
Via Privata Polonia 10 20157 Milan Italy,Cascina Merlata
1 Waterview Drive Greenwich London SE10 0TW United Kingdom,Greenwich Peninsula
Gran Via de les Corts Catalanes 668 Eixample 08010 Barcelona Spain,Eixample
Via G B Pirelli 7 Central Station 20124 Milan Italy,Milan
41 rue de Clichy 9th arr 75009 Paris France,Paris
5 More London Place Tooley Street Southwark London SE1 2BY United Kingdom,London Bridge & West Bermondsey
Bloomsbury Way Camden London WC1A 2SD United Kingdom,Bloomsbury
26 28 Trebovir Rd Kensington and Chelsea London SW5 9NJ United Kingdom,Earl's Court
17 rue de l Arcade 8th arr 75008 Paris France,Paris
Carlos Place Westminster Borough London W1K 2AL United Kingdom,West End
22 28 Broadway Westminster Borough London SW1H 0BH United Kingdom,St James's
Boquer a 10 Ciutat Vella 08002 Barcelona Spain,Old Town
14 Rue Stanislas 6th arr 75006 Paris France,Paris
71 Vincent Square Westminster Borough London SW1P 2PA United Kingdom,Vincent Square
Pelzgasse 1 15 Rudolfsheim F nfhaus 1150 Vienna Austria,Vienna
146 Praed Street Westminster Borough London W2 1EE United Kingdom,Hyde Park
Calabria 115 117 Eixample 08015 Barcelona Spain,Sant Antoni
8 Rue Jean Goujon 8th arr 75008 Paris France,Paris
160 Cromwell Road Kensington Kensington and Chelsea London SW5 0TL United Kingdom,Earl's Court
Rambla del Raval 17 21 Ciutat Vella 08001 Barcelona Spain,Old Town
Piazza Lima 2 Central Station 20124 Milan Italy,Municipio 3
Schottenring 24 01 Innere Stadt 1010 Vienna Austria,Vienna
Pallars 128 130 Sant Mart 08018 Barcelona Spain,Sant Martí
199 206 High Holborn Camden London WC1V 7BD United Kingdom,Holborn & Covent Garden
St Katherines Way Tower Hamlets London E1W 1LD United Kingdom,St Katharine's & Wapping
22 Hertsmere Road Tower Hamlets London E14 4ED United Kingdom,Canary Wharf
Distelkade 21 Amsterdam Noord 1031 XP Amsterdam Netherlands,Noord
Robert Stolz Platz 1 01 Innere Stadt 1010 Vienna Austria,Vienna
Coburgbastei 4 01 Innere Stadt 1010 Vienna Austria,Vienna
Philharmoniker Stra e 4 01 Innere Stadt 1010 Vienna Austria,Vienna
Sloane Square Kensington and Chelsea London SW1W 8EG United Kingdom,Royal Hospital
2 4 Boundary Street Hackney London E2 7DD United Kingdom,Hoxton East & Shoreditch
130 Tottenham Court Road Camden London W1T 5AY United Kingdom,Fitzrovia
Espronceda 6 Sant Mart 08005 Barcelona Spain,Sant Martí
Paseo de Gracia 46 Eixample 08007 Barcelona Spain,la Dreta de l'Eixample
55 61 Westbourne Terrace Westminster Borough London W2 3UY United Kingdom,Lancaster Gate
Gran Via de les Corts Catalanes 678 Eixample 08010 Barcelona Spain,Eixample
104 Bayswater Rd Westminster Borough London W2 3HL United Kingdom,Lancaster Gate
Belgrove Street Camden London WC1H 8AB United Kingdom,King's Cross
Sonnwendgasse 8 10 Favoriten 1100 Vienna Austria,Vienna
Schlossallee 8 14 Penzing 1140 Vienna Austria,Politischer Bezirk Wien-Umgebung
31 Great Cumberland Place Westminster Borough London W1H 7TA United Kingdom,Marylebone
Via Lazzaro Palazzi 18 Central Station 20124 Milan Italy,Municipio 3
Moll de Barcelona WTC Ciutat Vella 08039 Barcelona Spain,el Raval
Herrengasse 10 01 Innere Stadt 1010 Vienna Austria,Vienna
Lancaster Gate Westminster Borough London W2 3LG United Kingdom,Lancaster Gate
34 Rue Viala 15th arr 75015 Paris France,Paris
The Strand Westminster Borough London WC2N 5HX United Kingdom,St James's
Avenida Roma 2 4 Sants Montju c 08014 Barcelona Spain,Sants-Montjuïc
Epping Forest 30 Oak Hill London IG8 9NY United Kingdom,Hale End
111 avenue de la Bourdonnais 7th arr 75007 Paris France,Paris
Damrak 1 5 Amsterdam City Center 1012 LG Amsterdam Netherlands,Amsterdam
6 Hercules Road Lambeth London SE1 7DP United Kingdom,Lambeth
86 Quai D Austerlitz 13th arr 75013 Paris France,Paris
284 To 302 Waterloo Road Southwark London SE1 8RQ United Kingdom,St George's
Amstelstraat 17 Amsterdam City Center 1017 DA Amsterdam Netherlands,Amsterdam
31 St Thomas Street Southwark London SE1 9QU United Kingdom,The Borough
8 Northumberland Avenue Westminster Borough London WC2N 5BY United Kingdom,St James's
Hietzinger Hauptstra e 10 14 13 Hietzing 1130 Vienna Austria,Vienna
23 Mecklenburgh Square Camden London WC1N 2AD United Kingdom,King's Cross
19 Rue Cujas 5th arr 75005 Paris France,Paris
Coopers Row City of London London EC3N 2BQ United Kingdom,Tower
Singerstra e 3 01 Innere Stadt 1010 Vienna Austria,Vienna
Avenida Litoral 10 Ciutat Vella 08005 Barcelona Spain,la Marina del Prat Vermell
35 Charles Street Mayfair Westminster Borough London W1J 5EB United Kingdom,West End
Coram Street Camden London WC1N 1HT United Kingdom,Bloomsbury
Hoogoorddreef 1 Zuidoost 1101 BA Amsterdam Netherlands,Zuidoost
84 King Street Hammersmith and Fulham London W6 0QW United Kingdom,Hammersmith Broadway
123 boulevard S bastopol 2nd arr 75002 Paris France,Paris
40 Marsh Wall Tower Hamlets London E14 9TP United Kingdom,Canary Wharf
Stadhouderskade 7 Oud West 1054 ES Amsterdam Netherlands,West
14 16 Craven Hill Lancaster Gate Westminster Borough London W2 3DU United Kingdom,Lancaster Gate
37 Nottingham Place Westminster Borough London W1U 5LT United Kingdom,Marylebone
18 Avenue De Suffren Entr e au 22 rue Jean Rey 15th arr 75015 Paris France,Paris
380 Kensington High Street Kensington and Chelsea London W14 8NL United Kingdom,Kensington
Bergara 2 4 Eixample 08002 Barcelona Spain,Eixample
Landstra er Hauptstra e 155 03 Landstra e 1030 Vienna Austria,Vienna
19 Rue Tronchet 8th arr 75008 Paris France,Paris
2 Whitehall Court Westminster Borough London SW1A 2EJ United Kingdom,St James's
Ijburglaan 539 Zeeburg 1087 BE Amsterdam Netherlands,Oost
Gran Via de las Corts Catalanes 629 Eixample 08010 Barcelona Spain,la Dreta de l'Eixample
38 Rue Du Faubourg Saint Honore 8th arr 75008 Paris France,Paris
19 21 Penywern Road Kensington and Chelsea London SW5 9TT United Kingdom,Earl's Court
Via Baracchini 12 Milan City Center 20123 Milan Italy,Pantano
Rosell n 174 176 Eixample 08036 Barcelona Spain,Horta
Europaboulevard 10 Zuideramstel 1083 AD Amsterdam Netherlands,Zuid
144 Praed St Paddington Westminster Borough London W2 1HU United Kingdom,Hyde Park
43 Worple Road Wimbledon London SW19 4JZ United Kingdom,Merton Park
5 Rue De Malte 11th arr 75011 Paris France,Paris
Eerste Constantijn huygensstraat 26G Oud West 1054 BR Amsterdam Netherlands,West
350 Oxford Street Westminster Borough London W1C 1BY United Kingdom,West End
368 370 Green Lanes London N4 1DA United Kingdom,Hermitage & Gardens
Aribau 33 Eixample 08011 Barcelona Spain,Eixample
Burggasse 2 07 Neubau 1070 Vienna Austria,Vienna
Piazza Luigi di Savoia 20 Central Station 20124 Milan Italy,Municipio 2
49 50 St John s Square Islington London EC1V 4JJ United Kingdom,Clerkenwell
Spaarndammerdijk 304 Westerpark 1013 ZX Amsterdam Netherlands,West
Gran Via 559 Eixample 08012 Barcelona Spain,Eixample
Grosvenor Square Westminster Borough London W1K 6JP United Kingdom,West End
19 Rue Vernet 8th arr 75008 Paris France,Paris
Staalmeesterslaan 410 Slotervaart 1057 PH Amsterdam Netherlands,Amsterdam
Wiedner Hauptstr 27 29 04 Wieden 1040 Vienna Austria,Wieden
4 Portal Way Gypsy Corner A40 London W3 6RT United Kingdom,North Acton
Excel 2 Festoon Way Royal Victoria Dock Newham London E16 1RH United Kingdom,Royal Victoria
Via Lorenteggio 278 Lorenteggio 20152 Milan Italy,Lorenteggio
5 Olympic Way Wembley Brent London HA9 0NP United Kingdom,Wembley Park
Rathstra e 24 Neustift am Walde 19 D bling 1190 Vienna Austria,Vienna
Margaretenstra e 53 05 Margareten 1050 Vienna Austria,Vienna
Mallorca 181 Eixample 08036 Barcelona Spain,Eixample
Royal Victoria Dock Western Gateway Newham London E16 1AL United Kingdom,Royal Victoria
Diputaci 262 264 Eixample 08007 Barcelona Spain,Eixample
93 Rue de Lille 7th arr 75007 Paris France,Paris
Bergara 8 Eixample 08002 Barcelona Spain,Eixample
78 82 Westbourne Terrace Westminster Borough London W2 6QA United Kingdom,Lancaster Gate
Via dell Orso 7 Milan City Center 20121 Milan Italy,Borgonuovo
Euston Road Camden London NW1 2AR United Kingdom,King's Cross
K rntner Stra e 22 01 Innere Stadt 1010 Vienna Austria,Vienna
Joan Muyskenweg 10 Oost 1096 CJ Amsterdam Netherlands,Oost
23 Rue Damr mont 18th arr 75018 Paris France,Paris
51 Gloucester Terrace Westminster Borough London W2 3DQ United Kingdom,Lancaster Gate
20 Lavington Street Southwark London SE1 0NZ United Kingdom,Southwark
80 86 Belgrave Road Westminster Borough London SW1V 2BJ United Kingdom,Pimlico North
Via Napo Torriani 24 Central Station 20124 Milan Italy,Municipio 2
Neustift am Walde 97 99 19 D bling 1190 Vienna Austria,Vienna
57 59 Welbeck Street Westminster Borough London W1G 9BL United Kingdom,Marylebone
29 31 Gower Street Camden London WC1E 6HG United Kingdom,Bloomsbury
Passeig de Sant Antoni 36 40 Sants Montju c 08014 Barcelona Spain,Sants
8 14 Talbot Sq Paddington Westminster Borough London W2 1TS United Kingdom,Hyde Park
Via Spadari 11 Milan City Center 20123 Milan Italy,Cinque Vie
Breite Gasse 9 07 Neubau 1070 Vienna Austria,Vienna
Prins Hendrikkade 108 Amsterdam City Center 1011 AK Amsterdam Netherlands,Amsterdam
8 10 Rue F licien David 16th arr 75016 Paris France,Paris
Via Pietro Gaggia 3 Ripamonti Corvetto 20139 Milan Italy,Lodi - Corvetto
252 High Holborn Holborn Camden London WC1V 7EN United Kingdom,Holborn
10 rue de Vaugirard 6th arr 75006 Paris France,Paris
Annagasse 7 01 Innere Stadt 1010 Vienna Austria,Vienna
20 Mercer Street Covent Garden Camden London WC2H 9HD United Kingdom,Holborn & Covent Garden
Villarroel 106 Eixample 08011 Barcelona Spain,Eixample
Whitehall Place Westminster Borough London SW1A 2BD United Kingdom,St James's
Via Laietana 42 Ciutat Vella 08003 Barcelona Spain,Old Town
Passeig de Colom 9 Ciutat Vella 08002 Barcelona Spain,Old Town
Corcega 255 Eixample 08036 Barcelona Spain,Vallès Occidental
12 Boulevard Haussmann 9th arr 75009 Paris France,Paris
Mallorca 178 Eixample 08036 Barcelona Spain,Eixample
Aspernbr ckengasse 1 02 Leopoldstadt 1020 Vienna Austria,Vienna
Via San Raffaele 3 Milan City Center 20121 Milan Italy,Municipio 1
108 Baker Street Westminster Borough London W1U 6LJ United Kingdom,Marylebone
33 place de la Madeleine 8th arr 75008 Paris France,Paris
IJdock 6 Amsterdam City Center 1013 MM Amsterdam Netherlands,Amsterdam
Rennweg 99 Rinnboeckstrasse 1 03 Landstra e 1030 Vienna Austria,Erdberg
153 Boulevard Saint Germain 6th arr 75006 Paris France,Paris
18 21 Charterhouse Square Islington London EC1M 6AH United Kingdom,Bunhill
52 Rue Oradour sur Glane 15th arr 75015 Paris France,Paris
239 Vauxhall Bridge Road Westminster Borough London SW1V 1EQ United Kingdom,Pimlico North
Tower Bridge Road Southwark London SE1 3UN United Kingdom,London Bridge & West Bermondsey
Peters Lane Cowcross Street Islington London EC1M 6DS United Kingdom,Clerkenwell
Pla a Urquinaona 2 Eixample 08010 Barcelona Spain,Eixample
8 Pembridge Garden Kensington and Chelsea London W2 4DU United Kingdom,Pembridge
335 337 High Street Stratford Newham London E15 2TF United Kingdom,Stratford
Via Senigallia 6 20161 Milan Italy,Municipio 9
Albert Cuypstraat 2 6 Oud Zuid 1072 CT Amsterdam Netherlands,Amsterdam
62 Rue Des Mathurins 8th arr 75008 Paris France,Paris
Viale Sarca 336 Bicocca Zara 20125 Milan Italy,Municipio 9
15 Montague St Bloomsbury Camden London WC1B 5BJ United Kingdom,Bloomsbury
Guillem Tell 49 Sarri St Gervasi 08006 Barcelona Spain,Sarrià - Sant Gervasi
Mautner Markhof Gasse 50 11 Simmering 1110 Vienna Austria,Vienna
10 West Temple Sheen London SW14 7RT United Kingdom,East Sheen
19 21 Gt Marlborough St Westminster Borough London W1F 7HL United Kingdom,West End
Passeig de Gracia 132 Gr cia 08008 Barcelona Spain,Gràcia
81 103 Euston Street Camden London NW1 2EZ United Kingdom,Regent's Park
Doctor Trueta 164 Sant Mart 08005 Barcelona Spain,Sant Martí
3 Kingdom Street Sheldon Square Westminster Borough London W2 6BD United Kingdom,Hyde Park
Nicaragua 47 Sants Montju c 08029 Barcelona Spain,Eixample
Manor Road London IG8 8AE United Kingdom,Bridge
2 8 Great Suffolk Street Southwark London SE1 0UG United Kingdom,Borough & Bankside
Bellamyplein 47 Oud West 1053 AT Amsterdam Netherlands,West
1 8 Russell Square Camden London WC1B 5BE United Kingdom,Bloomsbury
68 Regent Street West End Mayfair Westminster Borough London W1B 4DY United Kingdom,West End
Carretera Vallvidrera Tibidabo 83 93 Horta Guinard 08035 Barcelona Spain,Horta-Guinardó
Schubertring 5 7 01 Innere Stadt 1010 Vienna Austria,Innere Stadt
628 Western Avenue London W3 0TA United Kingdom,North Acton
La Rambla 109 Ciutat Vella 08002 Barcelona Spain,Old Town
3 rue de Ponthieu 8th arr 75008 Paris France,Paris
Piazza Gerusalemme 6 Sempione 20154 Milan Italy,Bullona
Carburton Street Westminster Borough London W1W 5EE United Kingdom,West End
86 88 Clerkenwell Road Islington London EC1M 5RJ United Kingdom,Clerkenwell
Josefst dter Stra e 10 12 08 Josefstadt 1080 Vienna Austria,Vienna
Loreto 21 25 Les Corts 08029 Barcelona Spain,les Corts
Mariahilfer Stra e 78 07 Neubau 1070 Vienna Austria,Vienna
53 Upper Street Islington London N1 0UY United Kingdom,Islington
Apollolaan 123 125 Oud Zuid 1077 AP Amsterdam Netherlands,Amsterdam
41 Avenue Pierre 1er de Serbie 8th arr 75008 Paris France,Paris
Richmond Way Hammersmith and Fulham London W14 0AX United Kingdom,Addison
20 28 Bolsover Street Westminster Borough London W1W 5NB United Kingdom,West End
160 Rue La Fayette 10th arr 75010 Paris France,Paris
36 38 Rue Du Moulin 92170 Paris France,Hauts-de-Seine
W hringer Stra e 33 35 09 Alsergrund 1090 Vienna Austria,Vienna
Passeig de Gr cia 29 Eixample 08007 Barcelona Spain,Eixample
54 rue Pierre Charron 8th arr 75008 Paris France,Paris
Via Spallanzani 40 Central Station 20129 Milan Italy,Municipio 3
55 rue Monge 5th arr 75005 Paris France,Paris
17 rue Duhesme 18th arr 75018 Paris France,Paris
Cardenal Reig 11 Les Corts 08028 Barcelona Spain,les Corts
95 Rue de Richelieu 2nd arr 75002 Paris France,Paris
14 15 Langham Place Westminster Borough London W1B 2QS United Kingdom,Marylebone
14 Rue Beaujon 8th arr 75008 Paris France,Paris
Ramon Turr 196 198 Sant Mart 08005 Barcelona Spain,Sant Martí
Vondelstraat 18 30 Oud West 1054 GE Amsterdam Netherlands,Amsterdam
12 rue de Marignan 8th arr 75008 Paris France,Paris
V a Laietana 69 Ciutat Vella 08003 Barcelona Spain,Old Town
Llull 340 Sant Mart 08019 Barcelona Spain,Sant Martí
Gutheil Schoder Gasse 7B 10 Favoriten 1100 Vienna Austria,KG Inzersdorf Stadt
12 Osborn Street Aldgate East Tower Hamlets London E1 6TE United Kingdom,Spitalfields & Banglatown
15 Rue de Bassano 16th arr 75016 Paris France,Paris
1 Bis Rue De Vaugirard 6th arr 75006 Paris France,Paris
40 Liverpool Street City of London London EC2M 7QN United Kingdom,Broadgate
19 25 Granville Place Marble Arch Westminster Borough London W1H 6PA United Kingdom,West End
56 57 Frith Street Westminster Borough London W1D 3JG United Kingdom,West End
66 Boulevard Barb s 18th arr 75018 Paris France,Paris
3 Place du G n ral Koenig 17th arr 75017 Paris France,Paris
66 Knightsbridge Westminster Borough London SW1X 7LA United Kingdom,Knightsbridge & Belgravia
Koninginneweg 34 36 Oud Zuid 1075 CZ Amsterdam Netherlands,Amsterdam
9 rue frochot 9th arr 75009 Paris France,Paris
7 9 Copthall Avenue City of London London EC2R 7NJ United Kingdom,Coleman Street
10b Chestnut Plaza Westfield Stratford City Olympic Park Newham London E20 1GL United Kingdom,Stratford Olympic Park
Mallorca 1 23 Sants Montju c 08014 Barcelona Spain,Sants-Montjuïc
1 Rue Du G n ral Blaise 11th arr 75011 Paris France,Paris
38 rue de l Echiquier 10th arr 75010 Paris France,Paris
Parkring 12 01 Innere Stadt 1010 Vienna Austria,Vienna
Via Lodovico Il Moro 117 Navigli 20143 Milan Italy,Municipio 6
257 Rue De Vaugirard 15th arr 75015 Paris France,Paris
Prinsengracht 587 Amsterdam City Center 1067 HT Amsterdam Netherlands,Amsterdam
Via Mazzini 4 Milan City Center 20123 Milan Italy,Pantano
Keizersgracht 164 Amsterdam City Center 1015 CZ Amsterdam Netherlands,Amsterdam
13 Rue Jules Cesar 12th arr 75012 Paris France,Paris
291 Greenwich High Road Greenwich Greenwich London SE10 8NA United Kingdom,East Greenwich
Herengracht 341 Amsterdam City Center 1016 AZ Amsterdam Netherlands,Amsterdam
15 16 Prince Of Wales Terrace Kensington and Chelsea London W8 5PQ United Kingdom,Queen's Gate
78 84 Sussex Gardens Westminster Borough London W2 1UH United Kingdom,Hyde Park
110 rue Blomet 15th arr 75015 Paris France,Paris
Via Molino Delle Armi 1 Angolo Corso Italia Milan City Center 20123 Milan Italy,Santa Sofia
31 Rue de Surene 8th arr 75008 Paris France,Paris
23 Rue Vignon 8th arr 75008 Paris France,Paris
Herengracht 255 Amsterdam City Center 1016 BJ Amsterdam Netherlands,Amsterdam
1 Suffolk Place Westminster Borough London SW1Y 4HX United Kingdom,St James's
Rudolfsplatz 11 01 Innere Stadt 1010 Vienna Austria,Vienna
 s Gravesandestraat 55 Oost 1092 AA Amsterdam Netherlands,Oost
117 Poplar High Street Tower Hamlets London E14 0AE United Kingdom,Poplar
16 London Street Paddington Westminster Borough London W2 1HL United Kingdom,Hyde Park
2 rue de Gramont 2nd arr 75002 Paris France,Paris
15 Cromwell Place Kensington and Chelsea London SW7 2LA United Kingdom,Brompton & Hans Town
82 Gloucester Place Westminster Borough London W1U 6HN United Kingdom,Marylebone
4 Richmond Mews Westminster Borough London W1D 3DH United Kingdom,West End
Ferdinand Bolstraat 333 Oud Zuid 1072 LH Amsterdam Netherlands,Zuid
Via Cusani 13 Milan City Center 20121 Milan Italy,Municipio 1
Van Baerlestraat 27 Oud Zuid 1071 AN Amsterdam Netherlands,Zuid
Pelayo 14 Ciutat Vella 08001 Barcelona Spain,El Canal
30 Jamestown Road Camden London NW1 7BY United Kingdom,Camden Town
37 rue Fran ois 1er 8th arr 75008 Paris France,Paris
2 5 Montague Street Bloomsbury Camden London WC1B 5BU United Kingdom,London Borough of Camden
K rntnerstra e 18 Eingang Neuer Markt 3 01 Innere Stadt 1010 Vienna Austria,Vienna
33 Rue Dauphine 6th arr 75006 Paris France,Paris
Schubertring 11 01 Innere Stadt 1010 Vienna Austria,Vienna
Schwedenplatz 3 4 01 Innere Stadt 1010 Vienna Austria,Innere Stadt
6 rue Balzac 8th arr 75008 Paris France,Paris
7 11 Rue Saint Benoit 6th arr 75006 Paris France,Paris
202 220 Cromwell Road Kensington and Chelsea London SW5 0SW United Kingdom,Abingdon
Eerste Constantijn Huygensstraat 10A Oud West 1054 BR Amsterdam Netherlands,West
Neubaug rtel 26 28 07 Neubau 1070 Vienna Austria,Vienna
St James s Place Westminster Borough London SW1A 1NJ United Kingdom,St James's
19 New Bridge Street City of London London EC4V 6DB United Kingdom,City of London
17 Rue Du Cotentin 15th arr 75015 Paris France,Paris
5 rue Louis Codet 7th arr 75007 Paris France,Paris
Jan Luijkenstraat 76 Oud Zuid 1071 CT Amsterdam Netherlands,Zuid
Papagenogasse 6 06 Mariahilf 1060 Vienna Austria,Vienna
Dijsselhofplantsoen 7 Oud Zuid 1077 BJ Amsterdam Netherlands,Zuid
Pau Claris 179 Eixample 08037 Barcelona Spain,Eixample
3 Berkeley Street Westminster Borough London W1J 8NE United Kingdom,Mayfair
Via Manin 7 Milan City Center 20121 Milan Italy,Brera
Corso Sempione 91 Fiera Milano City 20149 Milan Italy,Bullona
Sant Pau 9 11 Ciutat Vella 08001 Barcelona Spain,Old Town
24 Rue De Miromesnil 8th arr 75008 Paris France,Paris
La Rambla 128 Ciutat Vella 08002 Barcelona Spain,Old Town
Ungargasse 60 03 Landstra e 1030 Vienna Austria,Vienna
Piet Heinkade 11 Zeeburg 1019 BR Amsterdam Netherlands,Oost
Neubaug rtel 34 36 07 Neubau 1070 Vienna Austria,Vienna
Arcs 10 Ciutat Vella 08002 Barcelona Spain,Old Town
24 rue de Ponthieu 8th arr 75008 Paris France,Paris
18 Lodge Road Near Baker Street And Marylebone Westminster Borough London NW8 7JT United Kingdom,Regent's Park
5 Cavell Street Tower Hamlets London E1 2BP United Kingdom,Shadwell
1 Hamilton Place Park Lane Westminster Borough London W1J 7QY United Kingdom,West End
153 Hammersmith Road Hammersmith and Fulham London W14 0QL United Kingdom,Avonmore
23 rue du Faubourg Montmartre 9th arr 75009 Paris France,Paris
Am Stadtpark 1 03 Landstra e 1030 Vienna Austria,Vienna
Via Napo Torriani 18 Central Station 20124 Milan Italy,Municipio 2
Via Gaetano Airaghi 125 20153 Milan Italy,Municipio 7
Rotensterngasse 7a 02 Leopoldstadt 1020 Vienna Austria,KG Leopoldstadt
Rambla Catalunya 26 Eixample 08007 Barcelona Spain,Eixample
Plaza de Catalunya 19 Ciutat Vella 08002 Barcelona Spain,Old Town
Fizeaustraat 2 Oost 1097 SC Amsterdam Netherlands,Oost
Calle K s n Entrada principal Mercabarna Sants Montju c 08040 Barcelona Spain,Provencals del Poblenou
Roger de Lluria 28 Eixample 08010 Barcelona Spain,Eixample
Bridges Court Road Battersea London SW11 3BE United Kingdom,St Mary's
60 Pentonville Road Islington London N1 9LA United Kingdom,Barnsbury
28 av Corentin Cariou 19th arr 75019 Paris France,Paris
No 1 Seething Lane City of London London EC3N 4AX United Kingdom,Tower
F hrichgasse 10 01 Innere Stadt 1010 Vienna Austria,Vienna
Tiefer Graben 14 20 01 Innere Stadt 1010 Vienna Austria,Innere Stadt
Schulerstra e 10 01 Innere Stadt 1010 Vienna Austria,Vienna
Linzer Stra e 165 14 Penzing 1140 Vienna Austria,Politischer Bezirk Wien-Umgebung
18 Albert Embankment Lambeth London SE1 7TJ United Kingdom,Vauxhall
King William Walk Greenwich London SE10 9JW United Kingdom,Greenwich Park
Paseo de Gracia 73 Eixample 08008 Barcelona Spain,la Dreta de l'Eixample
Valencia 157 Eixample 08011 Barcelona Spain,Eixample
61 Quai De Grenelle 15th arr 75015 Paris France,Paris
6 rue Buffault 9th arr 75009 Paris France,Paris
4 rue d Alger 1st arr 75001 Paris France,Paris
336 337 Strand London Westminster Borough London WC2R 1HA United Kingdom,St James's
102 Bd De Grenelle 15th arr 75015 Paris France,Paris
Via Poliziano 11 Sempione 20154 Milan Italy,Bullona
3 Rue Verniquet 17th arr 75017 Paris France,Paris
128 King Henry s Road Camden London NW3 3ST United Kingdom,Primrose Hill
39 Buckingham Palace Road Westminster Borough London SW1W 0PS United Kingdom,St James's
101 Knightsbridge Westminster Borough London SW1X 7RN United Kingdom,Brompton & Hans Town
Via Felice Casati 18 Central Station 20124 Milan Italy,Municipio 3
Rambla Catalunya 7 9 Eixample 08007 Barcelona Spain,Eixample
40 avenue de Friedland 8th arr 75008 Paris France,Paris
11 13 Bayley Street Bedford Square Camden London WC1B 3HD United Kingdom,Bloomsbury
19 Rue du Commandant Ren Mouchotte 14th arr 75014 Paris France,Paris
Gran V a De Les Corts Catalanes 570 Eixample 08011 Barcelona Spain,Eixample
Wiedner Hauptstra e 44 04 Wieden 1040 Vienna Austria,Vienna
4 Rue Du Mont Thabor 1st arr 75001 Paris France,Paris
Passeig de Picasso 26 30 Ciutat Vella 08003 Barcelona Spain,el Born
75 Gower Street Camden London WC1E 6HJ United Kingdom,Bloomsbury
Schulerstra e 14 01 Innere Stadt 1010 Vienna Austria,Vienna
Piazza Duca D Aosta 9 Central Station 20124 Milan Italy,Municipio 2
Passeig de Gracia 84 Eixample 08008 Barcelona Spain,Eixample
4 rue de la P pini re 8th arr 75008 Paris France,Charente-Maritime
8 12 Manchester Street Westminster Borough London W1U 4DG United Kingdom,Marylebone
Webgasse 26 06 Mariahilf 1060 Vienna Austria,Vienna
Via Melchiorre Gioia 73 Central Station 20124 Milan Italy,Municipio 2
15 Seymour Street Westminster Borough London W1H 7JW United Kingdom,West End
Via della Giustizia 10 D Bicocca Zara 20125 Milan Italy,Municipio 2
142 To 144 Warwick Way Victoria Westminster Borough London SW1V 4JE United Kingdom,Abbots Manor Estate
Nieuwe Doelenstraat 24 Amsterdam City Center 1012 CP Amsterdam Netherlands,Amsterdam
Southampton Row Bloomsbury Camden London WC1B 4AR United Kingdom,Holborn & Covent Garden
8 rue Chambiges 8th arr 75008 Paris France,Paris
Galleria Del Corso 3 Milan City Center 20122 Milan Italy,Pasquirolo
142 Minories City of London London EC3N 1LS United Kingdom,City of London
Piccadilly Westminster Borough London W1J 7BX United Kingdom,West End
Sieveringer Stra e 4 19 D bling 1190 Vienna Austria,Vienna
Slotermeerlaan 80 Geuzenveld Slotermeer 1064 HD Amsterdam Netherlands,Nieuw-West
Gran V a de Les Corts Catalanes 647 Eixample 08010 Barcelona Spain,Eixample
Taborstra e 8 A 02 Leopoldstadt 1020 Vienna Austria,Vienna
Rossell 390 Eixample 08025 Barcelona Spain,Horta-Guinardó
35 Ixworth Place Kensington and Chelsea London SW3 3QX United Kingdom,Chelsea
7 11 Queensberry Place Kensington and Chelsea London SW7 2DL United Kingdom,Brompton & Hans Town
Via Gian Battista Pirelli 20 Central Station 20124 Milan Italy,Milan
Aletta Jacobslaan 7 Slotervaart 1066 BP Amsterdam Netherlands,Amsterdam
Wildpretmarkt 5 01 Innere Stadt 1010 Vienna Austria,Vienna
1 Rue De Libourne 12th arr 75012 Paris France,Paris
43 Rue des Mathurins 8th arr 75008 Paris France,Paris
Magdalenes 13 15 Ciutat Vella 08002 Barcelona Spain,Old Town
Via Angelo Carlo Fumagalli 4 Navigli 20143 Milan Italy,Municipio 6
10 Harrington Road Kensington and Chelsea London SW7 3ER United Kingdom,Brompton & Hans Town
6 rue Chauveau Lagarde 8th arr 75008 Paris France,Paris
Dam 9 Amsterdam City Center 1012 JS Amsterdam Netherlands,Amsterdam
28 place des Vosges 3rd arr 75003 Paris France,Paris
22 Park Lane Westminster Borough London W1K 1BE United Kingdom,West End
9 Villa de Saxe 7th arr 75007 Paris France,Paris
Via La Spezia 25 Famagosta 20142 Milan Italy,Municipio 5
Avenida Diagonal 201 Sant Mart 08018 Barcelona Spain,Sant Martí
Viale Bligny 23 Milan City Center 20136 Milan Italy,Municipio 5
69 Vincent Square Westminster Borough London SW1P 2PA United Kingdom,Vincent Square
39 Coventry Street Westminster Borough London W1D 6BZ United Kingdom,St James's
49 Rue La Fayette 9th arr 75009 Paris France,Paris
Avinguda Icaria 195 Sant Mart 08005 Barcelona Spain,Sant Martí
K rntner Stra e 32 34 01 Innere Stadt 1010 Vienna Austria,Vienna
Ample 1 Pla a Duc de Medinaceli Ciutat Vella 08002 Barcelona Spain,Old Town
Bond Street Mayfair Westminster Borough London W1S 2YF United Kingdom,West End
Elisabets 11 Ciutat Vella 08001 Barcelona Spain,Old Town
26 Cadogan Gardens Kensington and Chelsea London SW3 2RP United Kingdom,Royal Hospital
Mallorca 288 Eixample 08037 Barcelona Spain,Eixample
4 rue Salomon de Caus 3rd arr 75003 Paris France,Paris
22 25 Finsbury Square City Islington London EC2A 1DX United Kingdom,Bunhill
218 220 rue du Faubourg St Honor 8th arr 75008 Paris France,Paris
Petersplatz 9 01 Innere Stadt 1010 Vienna Austria,Vienna
Capellans 4 Ciutat Vella 08002 Barcelona Spain,Old Town
Pla a Reial 1 Ciutat Vella 08001 Barcelona Spain,Old Town
Silvio Pellico 4 Milan City Center 20121 Milan Italy,Municipio 1
Pla a Antonio L pez 5 Ciutat Vella 08002 Barcelona Spain,la Vila de Gracia
Opernring 11 01 Innere Stadt 1010 Vienna Austria,Vienna
34 Lombard Road Battersea London SW11 3RF United Kingdom,Battersea
Hafnersteig 7 01 Innere Stadt 1010 Vienna Austria,Vienna
Paral lel 115 Sants Montju c 08004 Barcelona Spain,Sants-Montjuïc
Via Tortona 35 Navigli 20144 Milan Italy,Municipio 6
40 rue Liancourt 14th arr 75014 Paris France,Paris
2 Warrington Crescent Westminster Borough London W9 1ER United Kingdom,Little Venice
5 rue de Ponthieu 8th arr 75008 Paris France,Paris
Prinsengracht 444 Amsterdam City Center 1017 KE Amsterdam Netherlands,Amsterdam
5 rue du 8 Mai 1945 10th arr 75010 Paris France,Paris
4 Broad Court Bow Street Covent Garden Westminster Borough London WC2B 5QZ United Kingdom,St James's
51 rue Letort 18th arr 75018 Paris France,Paris
49 Gloucester Place Marble Arch Westminster Borough London W1U 8JE United Kingdom,Marylebone
41 Queens Gate Gardens Kensington and Chelsea London SW7 5NB United Kingdom,Queen's Gate
Damrak 96 Amsterdam City Center 1012 LP Amsterdam Netherlands,Amsterdam
Damrak 93 94 Amsterdam City Center 1012 LP Amsterdam Netherlands,Amsterdam
1 Place De La Sorbonne 5th arr 75005 Paris France,Paris
Roger de Ll ria 60 Eixample 08009 Barcelona Spain,Eixample
Aribau 54 Eixample 08011 Barcelona Spain,Eixample
41 Avenue Marceau 16th arr 75016 Paris France,Paris
Hernalser Hauptstra e 105 17 Hernals 1170 Vienna Austria,Vienna
6 Frith Street Soho Westminster Borough London W1D 3JA United Kingdom,West End
Stadhouderskade 25 Oud Zuid 1071 ZD Amsterdam Netherlands,Zuid
Rennweg 16 03 Landstra e 1030 Vienna Austria,Vienna
111 Cromwell Road Kensington and Chelsea London SW7 4DP United Kingdom,South Kensington
Roger de Ll ria 17 Eixample 08010 Barcelona Spain,Eixample
16 22 Great Russell Street Camden London WC1B 3NN United Kingdom,Bloomsbury
35 Boulevard de la tour Maubourg 7th arr 75007 Paris France,Paris
31 33 Argyle Street Camden London WC1H 8EP United Kingdom,King's Cross
11 Thurloe Place Knightsbridge Kensington and Chelsea London SW7 2RS United Kingdom,Brompton & Hans Town
Schottenring 11 01 Innere Stadt 1010 Vienna Austria,Vienna
Via Hoepli 6 Milan City Center 20121 Milan Italy,Pasquirolo
34 rue de Moscou 8th arr 75008 Paris France,Paris
Rooseveltplatz 15 09 Alsergrund 1090 Vienna Austria,Vienna
Provenza 195 Eixample 08008 Barcelona Spain,Eixample
Ronda Sant Pere 9 Eixample 08010 Barcelona Spain,Eixample
Berruguete 126 Horta Guinard 08035 Barcelona Spain,Horta-Guinardó
Viale Certosa 68 Certosa 20155 Milan Italy,Cagnola
44 rue de Bourgogne 7th arr 75007 Paris France,Paris
Imperial Road Hammersmith and Fulham London SW6 2GA United Kingdom,Sands End
Riemergasse 8 01 Innere Stadt 1010 Vienna Austria,Vienna
Avenida Diagonal 661 671 Les Corts 08028 Barcelona Spain,Diagonal Mar i el Front Maritim del Poblenou
150 Bayswater Road Kensington and Chelsea London W2 4RT United Kingdom,Kensington
50 Lancaster Gate Westminster Borough London W2 3NA United Kingdom,Lancaster Gate
335 337 Old Street Hackney London EC1V 9LL United Kingdom,Hoxton East & Shoreditch
Engerthstra e 173 175 02 Leopoldstadt 1020 Vienna Austria,Vienna
Gran Via de les Corts Catalanes 644 Eixample 08007 Barcelona Spain,Eixample
97 rue La Bo tie 8th arr 75008 Paris France,Paris
Viale Monza 132 Distretto Viale Monza 20127 Milan Italy,Monza
Whitcomb Street Trafalgar Square Westminster Borough London WC2H 7HG United Kingdom,St James's
Lancaster Terrace Westminster Borough London W2 2TY United Kingdom,Lancaster Gate
30 Rathbone Street West End Westminster Borough London W1T 1LB United Kingdom,West End
Avenida Diagonal 555 Les Corts 08029 Barcelona Spain,les Corts
Wagramer Stra e 16 18 22 Donaustadt 1220 Vienna Austria,Vienna
Riudarenes 7 Ciutat Vella 08002 Barcelona Spain,Old Town
33 Albemarle Street Mayfair Westminster Borough London W1S 4BP United Kingdom,West End
18 Rue d Antin 2nd arr 75002 Paris France,Paris
Viale Isonzo 14 Porta Romana 20135 Milan Italy,Municipio 5
232 Boulevard Raspail 14th arr 75014 Paris France,Paris
Numancia 74 Les Corts 08029 Barcelona Spain,les Corts
36 rue Saint Ferdinand 17th arr 75017 Paris France,Paris
Nou de la Rambla 36 Ciutat Vella 08001 Barcelona Spain,Old Town
8 10 Queensberry Place Kensington and Chelsea London SW7 2EA United Kingdom,Courtfield
Via Cesare Correnti 13 Milan City Center 20123 Milan Italy,Circo
Bail n 4 6 Eixample 08010 Barcelona Spain,Old Town
Parkring 12a 01 Innere Stadt 1010 Vienna Austria,Innere Stadt
36 Rue Saint Marc 2nd arr 75002 Paris France,Paris
Pla a Rosa dels Vents 1 Passeig Joan de Borbo Ciutat Vella 08039 Barcelona Spain,Old Town
Strand Westminster Borough London WC2R 0EU United Kingdom,Covent Garden
12 boulevard Malesherbes 8th arr 75008 Paris France,Paris
Diputaci 195 Eixample 08011 Barcelona Spain,l'Antiga Esquerra de l'Eixample
Dels Lledo 7 Ciutat Vella 08003 Barcelona Spain,Barri Gotic
4 Boulevard Brune 14th arr 75014 Paris France,Paris
Via Washington 66 Fiera Milano City 20146 Milan Italy,Municipio 7
39 Avenue de l Op ra 2nd arr 75002 Paris France,Paris
102 Avenue de Villiers 17th arr 75017 Paris France,Paris
Cardington Street Euston Camden London NW1 2LP United Kingdom,London Borough of Camden
Via Privata Leopoldo Gasparotto 8 Central Station 20124 Milan Italy,Milan
10 Carlisle Street Westminster Borough London W1D 3BR United Kingdom,West End
6 Rue Pierre Demours 17th arr 75017 Paris France,Paris
81 Jermyn Street Westminster Borough London SW1Y 6JF United Kingdom,St James's
7 Rue Du Bourg L abb 3rd arr 75003 Paris France,Paris
Piazzale Lugano 10 Bovisa 20158 Milan Italy,Municipio 9
21 Gower Street Camden London WC1E 6HG United Kingdom,Bloomsbury
31 36 Leicester Square Westminster Borough London WC2H 7LH United Kingdom,St James's
117 129 Cromwell Road Kensington and Chelsea London SW7 4DS United Kingdom,Courtfield
Gudrunstra e 184 10 Favoriten 1100 Vienna Austria,Vienna
10 Beaufort Gardens Kensington and Chelsea London SW3 1PT United Kingdom,Brompton & Hans Town
2 Spring Gardens Trafalgar Square Westminster Borough London SW1A 2TS United Kingdom,St James's
40 Rue du Commandant Ren Mouchotte 14th arr 75014 Paris France,Paris
5 Threadneedle Street City of London London EC2R 8AY United Kingdom,Leadenhall Market
One Ham Yard Westminster Borough London W1D 7DT United Kingdom,West End
7 rue de Berri 8th arr 75008 Paris France,Paris
Johannesgasse 28 03 Landstra e 1030 Vienna Austria,Vienna
9 Knaresborough Place Kensington and Chelsea London SW5 0TP United Kingdom,Earl's Court
25 Courtfield Gardens Kensington and Chelsea London SW5 0PG United Kingdom,Earl's Court
Cadogan Place Kensington and Chelsea London SW1X 9PY United Kingdom,Brompton & Hans Town
7 Rue des Petits H tels 10th arr 75010 Paris France,Paris
69 Boulevard Victor 15th arr 75015 Paris France,Paris
92 Rue La Boetie 8th arr 75008 Paris France,Paris
29 31 Draycott Place Kensington and Chelsea London SW3 2SH United Kingdom,Royal Hospital
Ronda Sant Pau 14 Ciutat Vella 08001 Barcelona Spain,Old Town
K llnerhofgasse 6 01 Innere Stadt 1010 Vienna Austria,Vienna
Gr nentorgasse 30 09 Alsergrund 1090 Vienna Austria,Vienna
7 9 Rue Pierre Chausson 10th arr 75010 Paris France,Paris
Simmeringer Hauptstra e 55 57 11 Simmering 1110 Vienna Austria,Vienna
Viale Monte Grappa 12 Garibaldi Station 20124 Milan Italy,Municipio 9
3 Rue Caulaincourt 18th arr 75018 Paris France,Paris
Paseo Taulat 278 Sant Mart 08019 Barcelona Spain,Diagonal Mar i el Front Maritim del Poblenou
17 rue g t le coeur 6th arr 75006 Paris France,Paris
Rathausstra e 17 01 Innere Stadt 1010 Vienna Austria,Vienna
6 Rue De La Tour 16th arr 75016 Paris France,Paris
Avenida Roma 22 30 Eixample 08015 Barcelona Spain,la Nova Esquerra de l'Eixample
20 rue Berthollet 5th arr 75005 Paris France,Paris
66 Great Queen Street Covent Garden Camden London WC2B 5BX United Kingdom,Holborn & Covent Garden
30 John Islip St Westminster Borough London SW1P 4DD United Kingdom,Vincent Square
9 Rue du Sommerard 5th arr 75005 Paris France,Paris
37 Avenue De La Motte Picquet 7th arr 75007 Paris France,Paris
6 Waterloo Place Westminster Borough London SW1Y 4AN United Kingdom,St James's
Linnaeusstraat 89 Oost 1093 EK Amsterdam Netherlands,Oost
3 Rue Christine 6th arr 75006 Paris France,Paris
Oudezijds Voorburgwal 197 Amsterdam City Center 1012 EX Amsterdam Netherlands,Amsterdam
29 rue Victor Mass 9th arr 75009 Paris France,Paris
13 15 Gower Street Camden London WC1E 6HE United Kingdom,Bloomsbury
41 51 Inverness Terrace Westminster Borough London W2 3JN United Kingdom,Lancaster Gate
7 9 rue du Conservatoire 9th arr 75009 Paris France,Paris
68 86 Cromwell Road Kensington Kensington and Chelsea London SW7 5BT United Kingdom,Queen's Gate
35 Rue Caumartin 9th arr 75009 Paris France,Paris
Via Ugo Bassi 1 A Ang Via C Farini Garibaldi Station 20159 Milan Italy,Isola
Place Andr Malraux 1st arr 75001 Paris France,Paris
Wiedner G rtel 14 04 Wieden 1040 Vienna Austria,Vienna
20 Chesham Place Kensington and Chelsea London SW1X 8HQ United Kingdom,Chelsea
16 rue de Berri 8th arr 75008 Paris France,Paris
Avenida Sarri 50 Les Corts 08029 Barcelona Spain,el Poble Sec
6 8 Rue Duphot 1st arr 75001 Paris France,Paris
Via San Raffaele 6 Milan City Center 20121 Milan Italy,Municipio 1
85 87 RUE DES ARCHIVES 3rd arr 75003 Paris France,Paris
9 13 Bloomsbury Street Nr Covent Garden Camden London WC1B 3QD United Kingdom,Bloomsbury
Piazza Quattro Novembre 3 Central Station 20124 Milan Italy,Municipio 2
Vilamari 34 36 Eixample 08015 Barcelona Spain,Eixample
Ndsm Plein 28 Amsterdam Noord 1033 WB Amsterdam Netherlands,Noord
Half Moon Street Westminster Borough London W1J 7BH United Kingdom,West End
5 Rue Marivaux 2nd arr 75002 Paris France,Paris
2 place Louis Armand 12th arr 75012 Paris France,Paris
4 rue d Anjou 8th arr 75008 Paris France,Paris
La Rambla 22 24 Ciutat Vella 08002 Barcelona Spain,Old Town
54 Rue Saint Louis En L Ile 4th arr 75004 Paris France,Paris
45 Park Lane Westminster Borough London W1K 1PN United Kingdom,West End
18 rue Bachaumont 2nd arr 75002 Paris France,Paris
Via Fabio Filzi 25 B Central Station 20124 Milan Italy,Municipio 2
61 rue de la Voute 12th arr 75012 Paris France,Paris
3 rue Lepic 18th arr 75018 Paris France,Paris
50 rue de Richelieu 1st arr 75001 Paris France,Paris
9 11 Sydney Street Kensington and Chelsea London SW3 6PU United Kingdom,Stanley
Mallorca 216 Eixample 08008 Barcelona Spain,Eixample
Via Giacomo Watt 13 Famagosta 20143 Milan Italy,Barona
8 Place Marguerite de Navarre 1st arr 75001 Paris France,Paris
31 35 Langham Street Westminster Borough London W1W 6BU United Kingdom,West End
Plaza Paisos Catalans s n Sants Montju c 08014 Barcelona Spain,Sants-Montjuïc
Provincialeweg 38 Zuidoost 1108 AB Amsterdam Netherlands,Zuidoost
Manuel Girona 7 21 Sarri St Gervasi 08034 Barcelona Spain,Sarrià - Sant Gervasi
Old Park Lane Westminster Borough London W1K 1LB United Kingdom,West End
Via Manzoni 31 Milan City Center 20121 Milan Italy,Borgonuovo
Van Leijenberghlaan 221 Zuideramstel 1082 GG Amsterdam Netherlands,Zuid
54 Queens Gate Kensington and Chelsea London SW7 5JW United Kingdom,Queen's Gate
27 avenue des Ternes 17th arr 75017 Paris France,Paris
Passeig Colom 12 Ciutat Vella 08002 Barcelona Spain,Old Town
Schubertring 10 12 01 Innere Stadt 1010 Vienna Austria,Innere Stadt
52 56 Inverness Terrace Westminster Borough London W2 3LB United Kingdom,Lancaster Gate
42 46 Chiswell Street City of London London EC1Y 4SB United Kingdom,Bunhill
Via Giovanni Nicotera 9 Niguarda 20161 Milan Italy,Municipio 9
Hernalser Hauptstra e 187 17 Hernals 1170 Vienna Austria,Vienna
4 Boulevard Raspail 7th arr 75007 Paris France,Paris
234 Diputacio Eixample 08007 Barcelona Spain,Eixample
Weihburggasse 3 01 Innere Stadt 1010 Vienna Austria,Vienna
213 rue de la Croix Nivert 15th arr 75015 Paris France,Paris
Kirchberggasse 6 07 Neubau 1070 Vienna Austria,Vienna
De Boelelaan 2 Zuideramstel 1083 HJ Amsterdam Netherlands,Zuid
3 Boulevard Saint Michel 5th arr 75005 Paris France,Paris
12 Upper Woburn Place Camden London WC1H 0HX United Kingdom,St Pancras
Comte d Urgell 232 Eixample 08036 Barcelona Spain,Eixample
113 Lambeth Rd Lambeth London SE1 7LS United Kingdom,Lambeth
Via L Muratori 14 Porta Romana 20135 Milan Italy,Porta Romana
Via Panfilo Castaldi 7 Central Station 20124 Milan Italy,Municipio 2
11 rue de Tr vise 9th arr 75009 Paris France,Paris
Via Lentasio 3 Milan City Center 20122 Milan Italy,Brolo
214 High Street Acton London London W3 9NX United Kingdom,Acton
90 92 Lancaster Gate Westminster Borough London W2 3NR United Kingdom,Bayswater
39 40 Cleveland Square Westminster Borough London W2 6DA United Kingdom,Lancaster Gate
Via Galileo Galilei 2 Central Station 20124 Milan Italy,Municipio 2
88 rue du Faubourg Poissoni re 10th arr 75010 Paris France,Paris
King s Cross St Pancras International Station Pancras Road Camden London N1C 4TB United Kingdom,King's Cross
Via San Tomaso 6 Milan City Center 20121 Milan Italy,Brisa
Via Camperio 9 Milan City Center 20123 Milan Italy,Brisa
C rsega 289 Eixample 08008 Barcelona Spain,Eixample
7 Montague Street Bloomsbury Camden London WC1B 5BP United Kingdom,Bloomsbury
112 boulevard de S bastopol 3rd arr 75003 Paris France,Paris
Rossell 265 Eixample 08008 Barcelona Spain,Horta-Guinardó
35 39 St Georges Drive Westminster Borough London SW1V 4DG United Kingdom,Pimlico North
5 Rue de Montyon 9th arr 75009 Paris France,Paris
11 rue du 8 Mai 1945 10th arr 75010 Paris France,Paris
7 rue d Argenson 8th arr 75008 Paris France,Paris
Hanger Lane Ealing London W5 3HL United Kingdom,Hanger Hill
Via Laietana 30 Ciutat Vella 08003 Barcelona Spain,Old Town
C rcega 368 Eixample 08037 Barcelona Spain,Eixample
222 Marylebone Road Westminster Borough London NW1 6JQ United Kingdom,Regent's Park
Viale Suzzani 13 Bicocca Zara 20162 Milan Italy,Quartiere Ca' Granda Sud
30 Rue La P rouse 16th arr 75016 Paris France,Paris
15 Rue Dupleix 15th arr 75015 Paris France,Paris
41 rue Jean Baptiste Pigalle 9th arr 75009 Paris France,Paris
Via Laietana 49 Ciutat Vella 08003 Barcelona Spain,Old Town
31 rue de la Folie M ricourt 11th arr 75011 Paris France,Paris
6 rue Gustave Charpentier 17th arr 75017 Paris France,Paris
47 Welbeck Street Westminster Borough London W1G 8DN United Kingdom,Marylebone
Corso Sempione 69 Fiera Milano City 20149 Milan Italy,Bullona
Piazza Giuseppe Missori 1 Milan City Center 20123 Milan Italy,Pantano
Am Heumarkt 35 37 03 Landstra e 1030 Vienna Austria,Landstraße
98 Rue De Clery 2nd arr 75002 Paris France,Paris
11 Rue Du Temple 4th arr 75004 Paris France,Paris
Lichtensteg 3 01 Innere Stadt 1010 Vienna Austria,Vienna
1 Rue Scribe 9th arr 75009 Paris France,Paris
Vijzelstraat 49 Amsterdam City Center 1017 HE Amsterdam Netherlands,Amsterdam
7 rue du G n ral de Larminat 15th arr 75015 Paris France,Paris
Enric Granados 62 64 Eixample 08008 Barcelona Spain,Eixample
Avenida Roma 93 95 Eixample 08029 Barcelona Spain,la Nova Esquerra de l'Eixample
Gran Via de les Corts Catalanes 700 Eixample 08010 Barcelona Spain,Eixample
Wagramer Stra e 8 22 Donaustadt 1220 Vienna Austria,Vienna
7 Rue De L h tel Colbert 5th arr 75005 Paris France,Paris
Ballester 77 81 Gr cia 08023 Barcelona Spain,Vallcarca i els Penitents
Via Varesina 124 Certosa 20156 Milan Italy,Villapizzone
Avinyo 30 Ciutat Vella 08002 Barcelona Spain,Old Town
Annagasse 16 01 Innere Stadt 1010 Vienna Austria,Vienna
31 Avenue George V 8th arr 75008 Paris France,Paris
109 113 Queen s Gate Kensington and Chelsea London SW7 5LR United Kingdom,Royal Borough of Kensington and Chelsea
12 rue Saint Didier 16th arr 75016 Paris France,Paris
Auerspergstra e 9 08 Josefstadt 1080 Vienna Austria,Vienna
Viale Piave 42 Milan City Center 20129 Milan Italy,Municipio 3
Via Lazzaretto 5 Central Station 20124 Milan Italy,Municipio 2
33 Rue Cambon 1st arr 75001 Paris France,Paris
Corso Garibaldi 84 Milan City Center 20121 Milan Italy,Brera
Avenida Marqu s de l Argentera 4 Ciutat Vella 08003 Barcelona Spain,Old Town
Herrengasse 12 01 Innere Stadt 1010 Vienna Austria,Vienna
141 rue St Honor 1st arr 75001 Paris France,Paris
53 59 Kilburn High Road Maida Vale London Camden London NW6 5SB United Kingdom,Kilburn
10 Bina Gardens South Kensington Kensington and Chelsea London SW5 0LA United Kingdom,Courtfield
63 rue de Richelieu 2nd arr 75002 Paris France,Paris
Joan G ell 207 211 Les Corts 08028 Barcelona Spain,les Corts
Viale Fulvio Testi 300 Bicocca Zara 20126 Milan Italy,Municipio 9
26 42 Bond Street Ealing London W5 5AA United Kingdom,Ealing Broadway
Corso di Porta Romana 64 Milan City Center 20122 Milan Italy,Municipio 1
15 Beeston Place Westminster Borough London SW1W 0JW United Kingdom,St James's
K rntner Ring 1 01 Innere Stadt 1015 Vienna Austria,Vienna
Nes 49 Amsterdam City Center 1012 KD Amsterdam Netherlands,Amsterdam
14 Rue du Chevalier de Saint George 1st arr 75001 Paris France,Paris
Wallgasse 23 06 Mariahilf 1060 Vienna Austria,Vienna
Lange Gasse 13 08 Josefstadt 1080 Vienna Austria,Vienna
6 Rue de l Arcade 8th arr 75008 Paris France,Paris
Via Stamira D Ancona 27 Distretto Viale Monza 20127 Milan Italy,Municipio 2
17 18 Upper Woburn Place Camden London WC1H 0HT United Kingdom,Bloomsbury
60 Hyde Park gate Kensington and Chelsea London SW7 5BB United Kingdom,Queen's Gate
346 348 Edgware Road Westminster Borough London W2 1EA United Kingdom,Church Street
3 Rue Pergolese 16th arr 75116 Paris France,Paris
Rossell 249 Eixample 08008 Barcelona Spain,Horta-Guinardó
4 Bryanston St Marble Arch Westminster Borough London W1H 7BY United Kingdom,West End
Mariahilfer Stra e 32 34 07 Neubau 1070 Vienna Austria,Vienna
Jan Luykenstraat 58 Oud Zuid 1071 CS Amsterdam Netherlands,Amsterdam
83 avenue Kl ber 16th arr 75016 Paris France,Paris
16 rue de S ze 9th arr 75009 Paris France,Paris
20 rue de l Ing nieur Robert Keller 15th arr 75015 Paris France,Paris
Via Melchiorre Gioia 6 Garibaldi Station 20124 Milan Italy,Centro Direzionale
Corso Concordia 1 Milan City Center 20129 Milan Italy,Municipio 3
54 Uxbridge Road Shepherds Bush Hammersmith and Fulham London W12 8LP United Kingdom,Shepherd's Bush Green
19 Rue Du Pont Neuf 1st arr 75001 Paris France,Paris
10 Palace Place Westminster Borough London SW1E 5BW United Kingdom,St James's
25 avenue du General Leclerc 14th arr 75014 Paris France,Paris
37 Eccleston Square Westminster Borough London SW1V 1PB United Kingdom,Pimlico North
Palaud ries 26 Sants Montju c 08004 Barcelona Spain,Sants-Montjuïc
Chassestraat 62 64 De Baarsjes 1057 JJ Amsterdam Netherlands,Amsterdam
100 Vauxhall Walk Lambeth London SE11 5AL United Kingdom,Vauxhall
97 avenue des Ternes 17th arr 75017 Paris France,Paris
9 Rue Sainte Beuve 6th arr 75006 Paris France,Paris
Capitan Arenas 20 Les Corts 08034 Barcelona Spain,Pedralbes
Wiedner Hauptstra e 12 04 Wieden 1040 Vienna Austria,Vienna
Via Santa Sofia 10 Milan City Center 20122 Milan Italy,Brolo
88 Bis Avenue Kl ber 16th arr 75016 Paris France,Paris
Enrique Granados 83 Eixample 08008 Barcelona Spain,Maresme
116 Piccadilly Westminster Borough London W1J 7BJ United Kingdom,West End
33 Roland Gardens Kensington and Chelsea London SW7 3PF United Kingdom,Courtfield
64 Avenue Marceau 8th arr 75008 Paris France,Paris
2 Rue Racine 6th arr 75006 Paris France,Paris
24 27 Bedford Place Bloomsbury Camden London WC1B 5JH United Kingdom,Bloomsbury
4 rue Amsterdam 9th arr 75009 Paris France,Paris
12 Rue Jean Goujon 8th arr 75008 Paris France,Paris
Albany Street London NW1 3UP United Kingdom,Regent's Park
19 place du Panth on 5th arr 75005 Paris France,Paris
Corso Buenos Aires 33 Central Station 20124 Milan Italy,Municipio 3
Kirchengasse 41 07 Neubau 1070 Vienna Austria,Vienna
45 Rue des Acacias 17th arr 75017 Paris France,Paris
153 Rue De Vaugirard 15th arr 75015 Paris France,Paris
10 Place De La R publique 11th arr 75011 Paris France,Paris
Frankenberggasse 10 04 Wieden 1040 Vienna Austria,Vienna
16 rue d Edimbourg 8th arr 75008 Paris France,Paris
Plaza Espa a 6 8 Sants Montju c 08014 Barcelona Spain,Sants-Montjuïc
Via Giorgio Stephenson 55 20157 Milan Italy,Musocco
50 Berners Street Westminster Borough London W1T 3NG United Kingdom,West End
Arend Janszoon Ernststraat 577 Zuideramstel 1082 LD Amsterdam Netherlands,Amsterdam
21 Avenue De La Grande Arm e 16th arr 75016 Paris France,Paris
Landstra er G rtel 5 03 Landstra e 1030 Vienna Austria,Vienna
2 Montagu Place Westminster Borough London W1H 2ER United Kingdom,Marylebone
8 Boulevard Beaumarchais 11th arr 75011 Paris France,Paris
62 Rue Saint Dominique 7th arr 75007 Paris France,Paris
Spuistraat 288 292 Amsterdam City Center 1012 VX Amsterdam Netherlands,Amsterdam
Althanstra e 5 09 Alsergrund 1090 Vienna Austria,Vienna
30 Portman Square Westminster Borough London W1H 7BH United Kingdom,Marylebone
La Rambla 105 Ciutat Vella 08002 Barcelona Spain,Old Town
29 Avenue De Tourville 7th arr 75007 Paris France,Paris
Passeig del Taulat 262 264 Sant Mart 08019 Barcelona Spain,Barcelona
Corso Europa 9 Milan City Center 20122 Milan Italy,Pasquirolo
10 Wardour Street Leicester Square Westminster Borough London W1D 6QF United Kingdom,St James's
Via Medici 3 Milan City Center 20123 Milan Italy,Circo
John M Keynesplein 2 Slotervaart 1066 EP Amsterdam Netherlands,Amsterdam
Via Venezia Giulia 8 20157 Milan Italy,Milan
25 rue des Saints P res 6th arr 75006 Paris France,Paris
2 Rue du Colonel Pierre Avia 15th arr 75015 Paris France,Paris
36 rue Pierre Demours 17th arr 75017 Paris France,Paris
19 Brent Street Brent Cross London NW4 2EU United Kingdom,Hendon
Westeinde 26 Amsterdam City Center 1017 ZP Amsterdam Netherlands,Amsterdam
Karl Popper Stra e 22 10 Favoriten 1100 Vienna Austria,Vienna
Marina 19 21 08005 Barcelona Spain,Sant Martí
Landstra er Hauptstra e 120 03 Landstra e 1030 Vienna Austria,Vienna
Piazza XXIV Maggio 8 Milan City Center 20123 Milan Italy,Borgo San Gottardo
1 Kensington Court Kensington and Chelsea London W8 5DL United Kingdom,Queen's Gate
9 Rue de Washington 8th arr 75008 Paris France,Paris
Via Laietana 17 Ciutat Vella 08003 Barcelona Spain,Old Town
22 24 Rue Faidherbe 11th arr 75011 Paris France,Paris
Via Lucio Giunio Columella 36 Distretto Viale Monza 20128 Milan Italy,Municipio 2
2 rue Geoffroy Marie 9th arr 75009 Paris France,Paris
Girona 158 Eixample 08037 Barcelona Spain,Eixample
Via Senato 22 Milan City Center 20121 Milan Italy,Municipio 1
Pasteurgasse 1 09 Alsergrund 1090 Vienna Austria,Vienna
Plaza Carlos Iba ez 3 Sants Montju c 08038 Barcelona Spain,Sants-Montjuïc
Piazza della Repubblica 13 Central Station 20124 Milan Italy,Municipio 2
Balmes 142 146 Eixample 08008 Barcelona Spain,Eixample
19 Rue De Caumartin 9th arr 75009 Paris France,Paris
Hamilton Place Park Lane Westminster Borough London W1J 7DR United Kingdom,West End
Ferdinand Bolstraat 194 Oud Zuid 1072 LW Amsterdam Netherlands,Zuid
32 rue des Saints P res 7th arr 75007 Paris France,Paris
Trabrennstra e 4 02 Leopoldstadt 1020 Vienna Austria,Vienna
Praterstra e 1 02 Leopoldstadt 1020 Vienna Austria,Vienna
4 Rue des Petites Ecuries 10th arr 75010 Paris France,Paris
Via Morigi 2 Milan City Center 20123 Milan Italy,Circo
33 Beaufort Gardens Kensington and Chelsea London SW3 1PP United Kingdom,Brompton & Hans Town
Via Andegari 9 Milan City Center 20121 Milan Italy,Borgonuovo
143 Boulevard Saint Germain 6th arr 75006 Paris France,Paris
Rembrandtplein 19 Amsterdam City Center 1017 CT Amsterdam Netherlands,Amsterdam
Mommsengasse 5 04 Wieden 1040 Vienna Austria,Vienna
2 Bd Garibaldi 15th arr 75015 Paris France,Paris
18 30 Lexham Gardens Kensington and Chelsea London W8 5JE United Kingdom,Royal Borough of Kensington and Chelsea
Via Ges 6 8 Milan City Center 20121 Milan Italy,Borgonuovo
13 Boulevard Du Temple 3rd arr 75003 Paris France,Paris
Rennweg 12a 03 Landstra e 1030 Vienna Austria,Vienna
16 avenue de Tourville 7th arr 75007 Paris France,Paris
30 Rue de Bassano 16th arr 75016 Paris France,Paris
5 bis rue Massenet 16th arr 75016 Paris France,Paris
Via G Silva 12 Fiera Milano City 20149 Milan Italy,Municipio 8 di Milano
Desider Friedmann Platz 2 01 Innere Stadt 1010 Vienna Austria,Vienna
Jaime I 14 Ciutat Vella 08002 Barcelona Spain,la Geltrú
Handelskai 269 02 Leopoldstadt 1020 Vienna Austria,KG Leopoldstadt
41 Rue Des Ecoles 5th arr 75005 Paris France,Paris
20 Pembridge Gardens Kensington and Chelsea London W2 4DU United Kingdom,Notting Hill
Proven als 10 Sant Mart 08019 Barcelona Spain,Sant Martí
53 61 Southwark Bridge Road Southwark London SE1 9HH United Kingdom,Borough & Bankside
45 Curtain Road Hackney London EC2A 4PJ United Kingdom,Hoxton East & Shoreditch
8 Balderton Street Brown Hart Gardens Westminster Borough London W1K 6TF United Kingdom,West End
D u i Mata 66 99 Les Corts 08029 Barcelona Spain,les Corts
Western Avenue Ealing London W5 1HG United Kingdom,Hanger Hill
2 Rue Scribe 9th arr 75009 Paris France,Paris
Via Luigi Galvani 12 Central Station 20124 Milan Italy,Municipio 2
Ronda Universitat 21 Eixample 08007 Barcelona Spain,Eixample
8 Avenue Rapp 7th arr 75007 Paris France,Paris
10 rue d Ormesson 4th arr 75004 Paris France,Paris
London County Hall Westminster Bridge Road Lambeth London SE1 7PB United Kingdom,Waterloo & South Bank
Getreidemarkt 5 06 Mariahilf 1060 Vienna Austria,Vienna
14 Henrietta Street Westminster Borough London WC2E 8QH United Kingdom,St James's
San Sever 5 Ciutat Vella 08002 Barcelona Spain,Barri Gotic
Boria 24 26 Ciutat Vella 08003 Barcelona Spain,Sant Pere
166 Boulevard Berthier 17th arr 75017 Paris France,Paris
15 Rue Jacob 6th arr 75006 Paris France,Paris
29 Rue Jacob 6th arr 75006 Paris France,Paris
5 Rue Belidor 17th arr 75017 Paris France,Paris
5 7 Rue Th r se 1st arr 75001 Paris France,Paris
Park Lane Westminster Borough London W1K 7TN United Kingdom,West End
10 Pepys Street City of London London EC3N 2NR United Kingdom,Leadenhall Market
50 Great Cumberland Place Westminster Borough London W1H 7FD United Kingdom,Marylebone
51 Rue de Malte 11th arr 75011 Paris France,Paris
Fleischmarkt 1a 01 Innere Stadt 1010 Vienna Austria,Innere Stadt
Mariano Cubi 62 64 Sarri St Gervasi 08006 Barcelona Spain,Gràcia
27 33 Harrington Gardens Kensington and Chelsea London SW7 4JX United Kingdom,Courtfield
Corso Di Porta Nuova 1 Milan City Center 20121 Milan Italy,Borgonuovo
Paragonstra e 1 11 Simmering 1110 Vienna Austria,Vienna
Consell de Cent 498 500 Eixample 08013 Barcelona Spain,el Fort Pienc
Pau Claris 150 Eixample 08009 Barcelona Spain,Eixample
Corso Giacomo Matteotti 4 6 Milan City Center 20121 Milan Italy,Pasquirolo
7 rue Casimir Delavigne 6th arr 75006 Paris France,Paris
6 Rue Lecluse 17th arr 75017 Paris France,Paris
92 rue de Vaugirard 6th arr 75006 Paris France,Paris
2 Rue d Artois 8th arr 75008 Paris France,Paris
41 Buckingham Palace Road Westminster Borough London SW1W 0PS United Kingdom,St James's
Hobbemakade 50 Oud Zuid 1071 XL Amsterdam Netherlands,Zuid
11 Bis rue Mazagran 10th arr 75010 Paris France,Paris
177 rue du faubourg Saint Honor 8th arr 75008 Paris France,Paris
Diputacion 250 Eixample 08007 Barcelona Spain,la Dreta de l'Eixample
Keizersgracht 148 Amsterdam City Center 1015 CX Amsterdam Netherlands,Amsterdam
Mariahilfer Stra e 122 Ecke Kaiserstra e 1 3 07 Neubau 1070 Vienna Austria,Vienna
1 Aldwych Westminster Borough London WC2B 4BZ United Kingdom,St James's
Pas de Sota Muralla 9 Ciutat Vella 08003 Barcelona Spain,Old Town
Viale Murillo 9 Fiera Milano City 20149 Milan Italy,Municipio 7
Felberstra e 4 15 Rudolfsheim F nfhaus 1150 Vienna Austria,Vienna
Rossello 191 Eixample 08036 Barcelona Spain,Eixample
3 Devonshire Terrace Westminster Borough London W2 3DN United Kingdom,Lancaster Gate
9 rue de la Michodi re 2nd arr 75002 Paris France,Paris
Freytaggasse 25 27 21 Floridsdorf 1210 Vienna Austria,KG Floridsdorf
Largo Rio de Janeiro 12 Citt Studi 20133 Milan Italy,Municipio 3
Uraniastra e 2 01 Innere Stadt 1010 Vienna Austria,Vienna
33 avenue George V 8th arr 75008 Paris France,Paris
4 Rue La Boetie 8th arr 75008 Paris France,Paris
Landstra er Hauptstra e 28 03 Landstra e 1030 Vienna Austria,Vienna
221 Rue Saint Honore 1st arr 75001 Paris France,Paris
34 37 Bedford Place Bloomsbury Camden London WC1B 5JR United Kingdom,Bloomsbury
407 Goldhawk Rd Chiswick London W6 0SA United Kingdom,Ravenscourt
Roelof Hartstraat 1 Oud Zuid 1071 VE Amsterdam Netherlands,Zuid
35 Rue De Berri 8th arr 75008 Paris France,Paris
1 Avenue Carnot 17th arr 75017 Paris France,Paris
49 Avenue Marceau 16th arr 75116 Paris France,Paris
3 avenue Mac Mahon 17th arr 75017 Paris France,Paris
Sabino de Arana 22 24 Les Corts 08028 Barcelona Spain,les Corts
Avenida Rius y Taulet 1 3 Sants Montju c 08004 Barcelona Spain,el Poble Sec
2 avenue la Porte Molitor 16th arr 75016 Paris France,Paris
55 Bld Rochechouart 9th arr 75009 Paris France,Paris
Wagramer Stra e 21 22 Donaustadt 1220 Vienna Austria,Vienna
Corso Buenos Aires 42 5 Central Station 20124 Milan Italy,Municipio 3
185 Boulevard Brune 14th arr 75014 Paris France,Paris
Wagramer Stra e 51 22 Donaustadt 1220 Vienna Austria,Vienna
Via Domenico Scarlatti 32 Central Station 20124 Milan Italy,Municipio 2
Viale Andrea Doria 22 Central Station 20124 Milan Italy,Municipio 3
20 Rue La Fayette 9th arr 75009 Paris France,Paris
56 rue de Montorgueil 2nd arr 75002 Paris France,Paris
9 Rue De Li ge 9th arr 75009 Paris France,Paris
Muntaner 505 Sarri St Gervasi 08022 Barcelona Spain,Sarrià - Sant Gervasi
10 12 rue de Charonne 11th arr 75011 Paris France,Paris
Mallorca 251 Eixample 08008 Barcelona Spain,Eixample
24 Rue d Amsterdam 9th arr 75009 Paris France,Paris
6 Rue Constance 18th arr 75018 Paris France,Paris
2 Rue Boulard 14th arr 75014 Paris France,Paris
Avinguda Paral lel 76 78 Ciutat Vella 08001 Barcelona Spain,Sants-Montjuïc
Sch nbrunner Schlossstra e 38 40 12 Meidling 1120 Vienna Austria,Vienna
Roger De Lluria 21 Esq Gran Via 662 Eixample 08037 Barcelona Spain,la Maternitat i Sant Ramon
1 Rue Sainte Opportune 1st arr 75001 Paris France,Paris
13 rue Geoffroy Marie 9th arr 75009 Paris France,Paris
28 Rue de l Arc de Triomphe 17th arr 75017 Paris France,Paris
Via Gerolamo Cardano 1 Central Station 20124 Milan Italy,Municipio 9
225 Ladbroke Grove Kensington and Chelsea London W10 6HQ United Kingdom,North Kensington
3 Boulevard Montmartre 2nd arr 75002 Paris France,Paris
140 Park Lane Westminster Borough London W1K 7AA United Kingdom,West End
Viale Tunisia 9 Central Station 20124 Milan Italy,Municipio 3
214 rue du Faubourg Saint Honor 8th arr 75008 Paris France,Paris
124 Clerkenwell Rd Camden London EC1R 5DJ United Kingdom,Holborn & Covent Garden
39 40 Bedford Place Bloomsbury Camden London WC1B 5JT United Kingdom,Bloomsbury
17 Avenue Kl ber 16th arr 75016 Paris France,Paris
53 Rue Richard Lenoir 11th arr 75011 Paris France,Paris
Via Roberto Lepetit 15 Central Station 20124 Milan Italy,Municipio 2
4 Rue De Valois 1st arr 75001 Paris France,Paris
Avenida Paralelo 57 59 Sants Montju c 08004 Barcelona Spain,Sants-Montjuïc
Hollandstra e 3 02 Leopoldstadt 1020 Vienna Austria,Vienna
Via Messina 10 Sempione 20154 Milan Italy,Porta Volta
28 30 Seymour Street Westminster Borough London W1H 7JB United Kingdom,Marylebone
Dorotheergasse 3 01 Innere Stadt 1010 Vienna Austria,Vienna
22 Stanley Gardens Kensington and Chelsea London W11 2NG United Kingdom,Colville
Diagonal Pere IV 272 Sant Mart 08005 Barcelona Spain,el Poblenou
7 Rue Rennequin 17th arr 75017 Paris France,Paris
Avenida Diagonal 596 Sarri St Gervasi 08021 Barcelona Spain,Sant Gervasi - Galvany
26 33 Queens Gardens Westminster Borough London W2 3BE United Kingdom,Lancaster Gate
2 4bis Cit Rougemont 9th arr 75009 Paris France,Paris
Piazza Della Repubblica 17 Central Station 20124 Milan Italy,Municipio 2
5 7 rue Rampon 11th arr 75011 Paris France,Paris
51 57 rue de Courcelles 8th arr 75008 Paris France,Paris
19 Rue Des Pretres Saint Germain L Auxerrois 1st arr 75001 Paris France,Paris
33 rue Raymond Losserand 14th arr 75014 Paris France,Paris
Grieshofgasse 11 12 Meidling 1120 Vienna Austria,Vienna
79 81 avenue du Maine 14th arr 75014 Paris France,Paris
7 9 High Street Kensington Kensington and Chelsea London W8 5NP United Kingdom,Queen's Gate
22 Rue de La Parcheminerie 5th arr 75005 Paris France,Paris
15 17 Charlotte Street Hotel Westminster Borough London W1T 1RJ United Kingdom,West End
Muntaner 212 Eixample 08036 Barcelona Spain,Eixample
35 Rue Benjamin Franklin 16th arr 75016 Paris France,Paris
Avenida Diagonal 570 Sarri St Gervasi 08021 Barcelona Spain,Sant Gervasi - Galvany
Lancaster Terrace Hyde Park Westminster Borough London W2 3PF United Kingdom,Lancaster Gate
Paseo Garc a I Faria 69 71 Sant Mart 08019 Barcelona Spain,Barcelona
Ronda Sant Pere 32 Eixample 08010 Barcelona Spain,Eixample
Avenida Roma 23 Eixample 08029 Barcelona Spain,la Nova Esquerra de l'Eixample
60 rue Richer 9th arr 75009 Paris France,Paris
Balmes 103 105 Eixample 08008 Barcelona Spain,Eixample
42 rue Croix des Petits Champs 1st arr 75001 Paris France,Paris
Herengracht 519 525 Amsterdam City Center 1017 BV Amsterdam Netherlands,Amsterdam
3 Westbourne Terrace Lancaster Gate Westminster Borough London W2 3UL United Kingdom,Lancaster Gate
3 Rue Cambon 1st arr 75001 Paris France,Paris
Via Mauro Macchi 1 Central Station 20124 Milan Italy,Municipio 2
86 Park Lane Westminster Borough London W1K 7TN United Kingdom,West End
Via Senato 5 Milan City Center 20121 Milan Italy,Borgogna
20 rue du Sommerard 5th arr 75005 Paris France,Paris
Doctor Carulla 25 Sarri St Gervasi 08017 Barcelona Spain,Sarria
111 Westminster Bridge Road Lambeth London SE1 7JD United Kingdom,London Borough of Lambeth
W hringer Stra e 12 09 Alsergrund 1090 Vienna Austria,Vienna
Viale Bligny 56 Milan City Center 20136 Milan Italy,Municipio 5
29 31 rue des Ecoles 5th arr 75005 Paris France,Paris
98 Avenue d Italie 13th arr 75013 Paris France,Paris
102 Avenue Victor Hugo 16th arr 75016 Paris France,Paris
Via Fabio Filzi 3 Central Station 20124 Milan Italy,Municipio 2
Comte Borrell 208 Eixample 08029 Barcelona Spain,Eixample
99 Bis Rue De Rome 17th arr 75017 Paris France,Paris
Margaretenstra e 92 05 Margareten 1050 Vienna Austria,Vienna
Schottenfeldgasse 74 07 Neubau 1070 Vienna Austria,Vienna
5 rue des Capucines 1st arr 75001 Paris France,Paris
74 rue Amelot 11th arr 75011 Paris France,Paris
Am Hof 2 01 Innere Stadt 1010 Vienna Austria,Vienna
V a Augusta 127 Sarri St Gervasi 08006 Barcelona Spain,Sarrià - Sant Gervasi
Ramblas 111 Ciutat Vella 08002 Barcelona Spain,Old Town
10 rue Saint Philippe du Roule 8th arr 75008 Paris France,Paris
Keizersgracht 384 Amsterdam City Center 1016 GB Amsterdam Netherlands,Amsterdam
Piazza della Repubblica 20 Central Station 20124 Milan Italy,Municipio 2
8 Rue De Bellechasse 7th arr 75007 Paris France,Paris
Via Tazzoli 2 Garibaldi Station 20154 Milan Italy,Municipio 9
5 place de l Od on 6th arr 75006 Paris France,Paris
Via Feltre 19 B Citt Studi 20132 Milan Italy,Parco Lambro - Cimiano
33 Boulevard du Montparnasse 6th arr 75006 Paris France,Paris
22 Avenue du professeur lemierre 20th arr 75020 Paris France,Paris
85 Rue De Bercy 12th arr 75012 Paris France,Paris
Passeig de Gracia 68 Eixample 08007 Barcelona Spain,Eixample
13 rue des Beaux Arts 6th arr 75006 Paris France,Paris
35 Rue La Bruy re 9th arr 75009 Paris France,Paris
34 Rue Fontaine 9th arr 75009 Paris France,Paris
Sonnwendgasse 15 10 Favoriten 1100 Vienna Austria,Vienna
6 rue du Helder 9th arr 75009 Paris France,Paris
1 Impasse Marteau 18th arr 75018 Paris France,Paris
4 rue Cadet 9th arr 75009 Paris France,Paris
Via Augusta 5 08006 Barcelona Spain,Sarrià - Sant Gervasi
2 Rue Edouard VII 9th arr 75009 Paris France,Paris
24 rue Bassano 16th arr 75016 Paris France,Paris
53 Park Lane Westminster Borough London W1K 1QA United Kingdom,West End
Gro e Stadtgutgasse 31 02 Leopoldstadt 1020 Vienna Austria,Vienna
Stephansplatz 9 01 Innere Stadt 1010 Vienna Austria,Vienna
Basil Street Knightsbridge Kensington and Chelsea London SW3 1AT United Kingdom,Brompton & Hans Town
Consell de Cent 51 53 Sants Montju c 08014 Barcelona Spain,Sants-Montjuïc
Via Clerici 11 Milan City Center 20121 Milan Italy,Cinque Vie
123 Rue Du Faubourg Saint Honor 8th arr 75008 Paris France,Paris
Herengracht 542 556 Amsterdam City Center 1017 CG Amsterdam Netherlands,Amsterdam
7 Boulevard Bourdon 4th arr 75004 Paris France,Paris
Via Villapizzone 24 Certosa 20156 Milan Italy,Villapizzone
68 Boulevard De Clichy 18th arr 75018 Paris France,Paris
3 5 rue du Mont Thabor 1st arr 75001 Paris France,Paris
Noorderstraat 46 Amsterdam City Center 1017 TV Amsterdam Netherlands,Amsterdam
Avenida Diagonal 568 Sarri St Gervasi 08021 Barcelona Spain,Sant Gervasi - Galvany
46 Westferry Circus Tower Hamlets London E14 8RS United Kingdom,Canary Wharf
Boltzmanngasse 8 09 Alsergrund 1090 Vienna Austria,Vienna
6 Boulevard Vincent Auriol 13th arr 75013 Paris France,Paris
Via Silvio Pellico 2 Milan City Center 20121 Milan Italy,Municipio 1
17 Nottingham Place Westminster Borough London W1U 5LG United Kingdom,Marylebone
Viale Monza 139 Distretto Viale Monza 20125 Milan Italy,Milan
Daungasse 1 6 7 08 Josefstadt 1080 Vienna Austria,Vienna
2 Rue Duperr 9th arr 75009 Paris France,Paris
8 Rue Francois 1Er 8th arr 75008 Paris France,Paris
11 rue Paul Baudry 8th arr 75008 Paris France,Paris
3 Rue Abb De L Ep e 5th arr 75005 Paris France,Paris
Angli 60 Sarri St Gervasi 08017 Barcelona Spain,Sarrià - Sant Gervasi
Kleine Stadtgutgasse 4 02 Leopoldstadt 1020 Vienna Austria,Vienna
5 rue de la Paix 2nd arr 75002 Paris France,Paris
Nieuwe Doelenstraat 2 14 Amsterdam City Center 1012 CP Amsterdam Netherlands,Amsterdam
Via Forcella 6 Navigli 20144 Milan Italy,Municipio 6
20 Rue De La Ga t 14th arr 75014 Paris France,Paris
20 Warwick Street Westminster Borough London W1B 5NF United Kingdom,West End
Via Domodossola 16 Fiera Milano City 20145 Milan Italy,Tre Torri
39 Avenue de Wagram 17th arr 75017 Paris France,Paris
Via Ozanam 12 Citt Studi 20129 Milan Italy,Municipio 3
2 Sylvester Path Hackney London E8 1EN United Kingdom,Hackney
34 Avenue Porte d Asni res 17th arr 75017 Paris France,Paris
Ratschkygasse 32 12 Meidling 1120 Vienna Austria,Vienna
79 rue Saint Dominique 7th arr 75007 Paris France,Paris
147 Cromwell Road Kensington and Chelsea London SW5 0TH United Kingdom,Courtfield
32 rue des Ecoles 5th arr 75005 Paris France,Paris
41 boulevard Saint Michel 5th arr 75005 Paris France,Paris
9 rue Gr goire de Tours 6th arr 75006 Paris France,Paris
21 rue F licien David 16th arr 75016 Paris France,Paris
132 Boulevard Haussmann 8th arr 75008 Paris France,Paris
Hasenauerstra e 12 19 D bling 1190 Vienna Austria,Vienna
12 rue des Saussaies 8th arr 75008 Paris France,Paris
19 avenue Kleber 16th arr 75116 Paris France,Paris
143 Avenue De Malakoff 16th arr 75016 Paris France,Paris
6 Avenue Montaigne 8th arr 75008 Paris France,Paris
22 rue d Antin 2nd arr 75002 Paris France,Paris
Corso Magenta 19 Milan City Center 20123 Milan Italy,Brisa
8 18 London Bridge St Southwark London SE1 9SG United Kingdom,London Bridge & West Bermondsey
71 79 Southwark Street Southwark London SE1 0JA United Kingdom,Borough & Bankside
Via Pietro Calvi 32 P Vittoria 20129 Milan Italy,Municipio 4
1 rue Geoffroy Marie 9th arr 75009 Paris France,Paris
Rembrandtplein 44 Amsterdam City Center 1017 CV Amsterdam Netherlands,Amsterdam
24 rue Cadet 9th arr 75009 Paris France,Paris
207 Boulevard Raspail 14th arr 75014 Paris France,Paris
Ottakringer Stra e 34 36 17 Hernals 1170 Vienna Austria,Vienna
12 rue de Parme 9th arr 75009 Paris France,Paris
32 Rue Greuze 16th arr 75016 Paris France,Paris
9 rue Git le Coeur 6th arr 75006 Paris France,Paris
Via Masaccio 19 Fiera Milano City 20149 Milan Italy,Portello
177 Boulevard Haussmann 8th arr 75008 Paris France,Paris
36 rue du Grenier Saint Lazare 3rd arr 75003 Paris France,Paris
Lope de Vega 4 Sant Mart 08005 Barcelona Spain,Sant Martí
George Gershwinlaan 101 Zuideramstel 1082 MT Amsterdam Netherlands,Zuid
Beltran i R zpide 7 9 Les Corts 08034 Barcelona Spain,les Corts
2 Rue De Parme 9th arr 75009 Paris France,Paris
Viale Lombardia 74 76 Citt Studi 20131 Milan Italy,Vallazze
7 Rue Paul Albert 18th arr 75018 Paris France,Paris
33 rue Marbeuf 8th arr 75008 Paris France,Paris
11 Cadogan Gardens Sloane Square Kensington and Chelsea London SW3 2RJ United Kingdom,Royal Hospital
78 Bis Avenue Marceau 8th arr 75008 Paris France,Paris
Rambla de Catalunya 76 Eixample 08008 Barcelona Spain,Eixample
15 rue de Constantinople 8th arr 75008 Paris France,Paris
Spuistraat 175 Amsterdam City Center 1012 VN Amsterdam Netherlands,Amsterdam
Crist bal de Moura 138 Sant Mart 08019 Barcelona Spain,Sant Martí
24 Egerton Gardens Kensington and Chelsea London SW3 2DB United Kingdom,Brompton & Hans Town
1 Place Vend me 1st arr 75001 Paris France,Paris
11 Bis Rue Jules Chaplain 6th arr 75006 Paris France,6th Arrondissement
Buckingham Gate Westminster Borough London SW1E 6AF United Kingdom,Victoria
92 Rue Du Cherche Midi 6th arr 75006 Paris France,Paris
65 rue Blanche 9th arr 75009 Paris France,Paris
22 rue de Buci 6th arr 75006 Paris France,Paris
40 rue de Lille 7th arr 75007 Paris France,Paris
Via De Amicis 32 Milan City Center 20123 Milan Italy,Municipio 1
5 Rue Saint Roch 1st arr 75001 Paris France,Paris
Anna van den Vondelstraat 6 Oud West 1054 GZ Amsterdam Netherlands,West
Apollolaan 101 105 Oud Zuid 1077 AN Amsterdam Netherlands,Zuid
Via Silvio Pellico 8 Milan City Center 20121 Milan Italy,Municipio 1
Paseo de Gracia 75 Eixample 08008 Barcelona Spain,la Dreta de l'Eixample
Vilana 7 Sarri St Gervasi 08017 Barcelona Spain,Sarrià - Sant Gervasi
34 rue Jean Mermoz 8th arr 75008 Paris France,Paris
Passeig de Gr cia 38 40 Eixample 08007 Barcelona Spain,la Dreta de l'Eixample
16 Avenue de l Opera 1st arr 75001 Paris France,Paris
Via Giovanni Battista Fauch Sempione 20154 Milan Italy,Milan
Wilton Place Knightsbridge Westminster Borough London SW1X 7RL United Kingdom,Belgravia
10 Avenue D I na 16th arr 75016 Paris France,Malakoff
Halkin Street Westminster Borough London SW1X 7DJ United Kingdom,Belgravia
Donau City Stra e 7 22 Donaustadt 1220 Vienna Austria,Wien
Hertha Firnberg Stra e 5 10 Favoriten 1100 Vienna Austria,Favoriten
39 40 Dorset Square Hotel Westminster Borough London NW1 6QN United Kingdom,Westminster
10 Avenue Emile Zola 15th arr 75015 Paris France,Paris
20 bis rue de la Ga t 14th arr 75014 Paris France,Paris
52 rue Jenner 13th arr 75013 Paris France,Paris
Via Tommaso Grossi 1 Milan City Center 20121 Milan Italy,Municipio 1
41 43 Brook Street Westminster Borough London W1K 4HJ United Kingdom,Mayfair
10 rue Lamartine 9th arr 75009 Paris France,Paris
17 Boulevard Saint Jacques 14th arr 75014 Paris France,Paris
Carrer de Arag 271 Eixample 08007 Barcelona Spain,Sant Martí
Numancia 32 Sants Montju c 08029 Barcelona Spain,Eixample
2e Hugo de Grootstraat 2 6 Westerpark 1052 LC Amsterdam Netherlands,West
Overhoeksplein 7 Amsterdam Noord 1031 KS Amsterdam Netherlands,Overhoeks
Corso di Porta Romana 48 Milan City Center 20122 Milan Italy,Brolo
Hietzinger Hauptstra e 134 13 Hietzing 1130 Vienna Austria,Hietzing
Via Carlo Goldoni 33 Citt Studi 20129 Milan Italy,Municipio 3
Via San Tomaso 8 b Milan City Center 20121 Milan Italy,Brisa
15 Place Vend me 1st arr 75001 Paris France,Paris
25 Avenue Montaigne 8th arr 75008 Paris France,Paris
48 Rue De L arbre Sec 1st arr 75001 Paris France,Paris
Place de l Op ra 4 rue Meyerbeer 9th arr 75009 Paris France,Paris
Baumgasse 83 03 Landstra e 1030 Vienna Austria,Landstraße
3 Rue de Montalembert 7th arr 75007 Paris France,Paris
Margareteng rtel 142 05 Margareten 1050 Vienna Austria,Margareten
Viale Certosa 104 106 Certosa 20156 Milan Italy,Municipio 8 di Milano
25 Rue Vernet 8th arr 75008 Paris France,Paris
Via Ludovico Di Breme 77 Certosa 20156 Milan Italy,Municipio 8 di Milano
Alzaia Naviglio Grande 8 Navigli 20144 Milan Italy,Municipio 6
18 rue de Constantinople 8th arr 75008 Paris France,Paris
Viale Isonzo 2 Porta Romana 20135 Milan Italy,Porta Romana
30 32 Boulevard Poissonni re 9th arr 75009 Paris France,Paris
10 rue Saint Hyacinthe 1st arr 75001 Paris France,Paris
52 rue Francois 1er 8th arr 75008 Paris France,Paris
Via delle Erbe 1 Milan City Center 20121 Milan Italy,Municipio 1
Viale Certosa 108 Certosa 20156 Milan Italy,Municipio 8 di Milano
82 Dalston Lane Hackney London E8 3AH United Kingdom,London Borough of Hackney
Via Pietro Orseolo 1 Navigli 20144 Milan Italy,Municipio 6
9 Rue Littr 6th arr 75006 Paris France,Paris
108 Rue Saint Lazare 8th arr 75008 Paris France,Paris
71 Rue de Charonne 11th arr 75011 Paris France,Paris
Hoffingergasse 26 28 12 Meidling 1120 Vienna Austria,Meidling
6 Avenue Fr miet 16th arr 75016 Paris France,Soustons
37 Avenue Hoche 8th arr 75008 Paris France,Paris
11 Rue d Astorg 8th arr 75008 Paris France,Paris
15 Rue Boissy d Anglas 8th arr 75008 Paris France,Paris
49 rue Pierre Charron 8th arr 75008 Paris France,Paris
117 Rue Lauriston 16th arr 75116 Paris France,Paris
Mariahilfer Stra e 57 59 06 Mariahilf 1060 Vienna Austria,Wien
Professor Tulpplein 1 Amsterdam City Center 1018 GX Amsterdam Netherlands,Weesperbuurt
214 rue Saint Jacques 5th arr 75005 Paris France,Paris
17 19 Egerton Terrace Knightsbridge Kensington and Chelsea London SW3 2BX United Kingdom,Royal Borough of Kensington and Chelsea
3 Bis Place Saint Sulpice 6th arr 75006 Paris France,Paris
Santal 8 Sarri St Gervasi 08021 Barcelona Spain,Sarrià - Sant Gervasi
181 Tooley Street Southwark London SE1 2JR United Kingdom,London Borough of Southwark
12 rue de la Montagne Sainte Genevi ve 5th arr 75005 Paris France,Paris
Duc De Medinaceli 8 Ciutat Vella 08002 Barcelona Spain,Old Town
21 Avonmore Road Kensington Hammersmith and Fulham London W14 8RP United Kingdom,London Borough of Hammersmith and Fulham
Loreto 28 Les Corts 08029 Barcelona Spain,les Corts
128 avenue de Wagram 17th arr 75017 Paris France,Paris
51 Rue Lauriston 16th arr 75016 Paris France,Paris
Avenida Diagonal 589 591 Les Corts 08014 Barcelona Spain,Diagonal Mar i el Front Maritim del Poblenou
3 rue de Bourgogne 7th arr 75007 Paris France,Paris
35 Rue Jean Goujon 8th arr 75008 Paris France,Paris
5 7 Rue De Montalembert 7th arr 75007 Paris France,Paris
21 rue Moli re 1st arr 75001 Paris France,Paris
Via Manzoni 29 Milan City Center 20121 Milan Italy,Borgonuovo
40 Rue Rene Boulanger 10th arr 75010 Paris France,Paris
19 Rue Copernic 16th arr 75016 Paris France,Paris
Llan 24 Eixample 08015 Barcelona Spain,Eixample
6 rue du General Lanrezac 17th arr 75017 Paris France,Paris
3 rue Clauzel 9th arr 75009 Paris France,Paris
3 Rue Rouget De Lisle 1st arr 75001 Paris France,Paris
Jaume I 6 Ciutat Vella 08002 Barcelona Spain,Old Town
Via Mac Mahon 45 Sempione 20155 Milan Italy,Municipio 8 di Milano
8 Rue Cambon 1st arr 75001 Paris France,Paris
Weteringschans 251 Amsterdam City Center 1017 XJ Amsterdam Netherlands,Centrum
Via G Arimondi 12 Sempione 20155 Milan Italy,Municipio 8 di Milano
35 St James s Place Westminster Borough London SW1A 1NY United Kingdom,Westminster
34 Rue de Buci 6th arr 75006 Paris France,Paris
10 Rue Kepler 16th arr 75016 Paris France,Paris
Sarphatistraat 104 Amsterdam City Center 1018 GV Amsterdam Netherlands,Centrum
30 Rue Jean Mermoz 8th arr 75008 Paris France,Paris
10 Bis rue du D barcad re 17th arr 75017 Paris France,17th Arrondissement
29 31 rue de Poitou 3rd arr 75003 Paris France,Paris
33 Avenue Du Docteur Arnold Netter 12th arr 75012 Paris France,Paris
Rambla Catalunya 104 Eixample 08008 Barcelona Spain,Eixample
97 rue Lauriston 16th arr 75016 Paris France,Paris
Via A de Tocqueville 7 D Garibaldi Station 20154 Milan Italy,Milan
Piazza Oberdan 12 Milan City Center 20129 Milan Italy,Municipio 3
Rotensterngasse 10 02 Leopoldstadt 1020 Vienna Austria,Leopoldstadt
6 Avenue Victor Hugo 16th arr 75116 Paris France,Paris
10 Monmouth Street Camden London WC2H 9HB United Kingdom,London Borough of Camden
10 12 rue Cognacq Jay 7th arr 75007 Paris France,Paris
21 Boulevard De Clichy 9th arr 75009 Paris France,Paris
Corso di Porta Vigentina 46 Milan City Center 20122 Milan Italy,Municipio 1
42 Rue Des Petites Ecuries 10th arr 75010 Paris France,Paris
10 avenue Carnot 17th arr 75017 Paris France,Paris
9 Carrefour de l Od on 6th arr 75006 Paris France,l'Odeon
Via Monte Rosa 90 Fiera Milano City 20149 Milan Italy,Municipio 8 di Milano
10 rue Chateaubriand 8th arr 75008 Paris France,Paris
17 bis rue Am lie 7th arr 75007 Paris France,7th Arrondissement
Rennweg 12 03 Landstra e 1030 Vienna Austria,Landstraße
43 rue Monsieur le Prince 6th arr 75006 Paris France,Paris
12 Rue de Louvois 2nd arr 75002 Paris France,Paris
Via Santa Radegonda 14 Milan City Center 20121 Milan Italy,Pasquirolo
67 rue Blanche 9th arr 75009 Paris France,Paris
K rntner Ring 16 01 Innere Stadt 1015 Vienna Austria,Wien
4 Rue de L Isly 8th arr 75008 Paris France,Paris
14 Rue de la Sorbonne 5th arr 75005 Paris France,Paris
18 rue Clement Marrot 8th arr 75008 Paris France,Paris
4 rue d Artois 8th arr 75008 Paris France,Paris
Lope de Vega 141 Sant Mart 08005 Barcelona Spain,Sant Martí
228 Rue De Rivoli 1st arr 75001 Paris France,Paris
Muntaner 352 Sarri St Gervasi 08021 Barcelona Spain,Sarrià - Sant Gervasi
Via Riccardo Lombardi 9 11 20153 Milan Italy,Municipio 7
167 rue de Rome 17th arr 75017 Paris France,Paris
15 Rue Des Pyramides 1st arr 75001 Paris France,Paris
10 Place De Mexico 16th arr 75016 Paris France,Paris
86 Rue Saint Denis 1st arr 75001 Paris France,Paris
Via Layetana 3 Ciutat Vella 08003 Barcelona Spain,Barri Gotic
2 rue des Guillemites 4th arr 75004 Paris France,Paris
18 Rue du Cirque 8th arr 75008 Paris France,Paris
Via Cimarosa 6 Fiera Milano City 20144 Milan Italy,Municipio 7
65 rue des Saints P res 6th arr 75006 Paris France,Paris
Avenida Tibidabo 1 Sarri St Gervasi 08022 Barcelona Spain,Sant Gervasi - la Bonanova
3 Rue De Boulainvilliers 16th arr 75016 Paris France,Paris
25 Boulevard Auguste Blanqui 13th arr 75013 Paris France,Paris
1 3 Rue d Argentine 16th arr 75116 Paris France,Paris
6 Via Aristotile Fioravanti Garibaldi Station 20154 Milan Italy,Milan
Via Privata Fratelli Gabba 7 B Milan City Center 20121 Milan Italy,Borgonuovo
9 11 rue Balzac 8th arr 75008 Paris France,Paris
11 Knightsbridge Westminster Borough London SW1X 7LY United Kingdom,Royal Borough of Kensington and Chelsea
3 rue de Castiglione 1st arr 75001 Paris France,Paris
8 rue de Verneuil 7th arr 75007 Paris France,Paris
12 rue Saint Roch 1st arr 75001 Paris France,Paris
25 Rue Theodore de Banville 17th arr 75017 Paris France,Paris
28 rue Saint Roch 1st arr 75001 Paris France,Paris
Sep lveda 180 Eixample 08011 Barcelona Spain,Eixample
64 Boulevard de Grenelle 15th arr 75015 Paris France,Paris
15 Quai Saint Michel 5th arr 75005 Paris France,Paris
10 Rue Gabriel Laumain 10th arr 75010 Paris France,Paris
Via Palmanova 153 20132 Milan Italy,Municipio 2
22 Rue Danielle Casanova 1st arr 75002 Paris France,Paris
55 57 Avenue Raymond Poincare 16th arr 75016 Paris France,Paris
Ausi s Marc 34 Eixample 08010 Barcelona Spain,Eixample
21 rue Lavoisier 8th arr 75008 Paris France,Paris
46 Rue De Tr vise 9th arr 75009 Paris France,Paris
6 Rue Saint Lambert 15th arr 75015 Paris France,Paris
17 Rue de Caumartin 9th arr 75009 Paris France,Paris
46 Avenue George V 8th arr 75008 Paris France,Paris
Pau Clar s 122 Eixample 08009 Barcelona Spain,Eixample
15 Boulevard Romain Rolland 14th arr 75014 Paris France,Montrouge
30 rue Pernety 14th arr 75014 Paris France,Paris
9 Rue de Constantinople 8th arr 75008 Paris France,Paris
64 Rue Crozatier 12th arr 75012 Paris France,Paris
Johann H rbiger Gasse 30 23 Liesing 1230 Vienna Austria,Wien
Gran V a de les Corts Catalanes 670 Eixample 08010 Barcelona Spain,Eixample
17 rue de Richelieu 1st arr 75001 Paris France,Paris
8 bis Avenue de la Soeur Rosalie 13th arr 75013 Paris France,Paris
Josefst dter Stra e 22 08 Josefstadt 1080 Vienna Austria,Josefstadt
10 rue Gager Gabillot 15th arr 75015 Paris France,Paris
22 Rue Tronchet 8th arr 75008 Paris France,Paris
13 Rue Fran ois Ory 92120 Paris France,Paris
Lepanto 406 Horta Guinard 08025 Barcelona Spain,Horta-Guinardó
29 rue Caumartin 9th arr 75009 Paris France,Paris
Via Dei Fontanili 26 Ripamonti Corvetto 20141 Milan Italy,Morivione
22 avenue de Villiers 17th arr 75017 Paris France,Paris
6 Rue Blaise Desgoffe 6th arr 75006 Paris France,Paris
Hyde Park Corner Westminster Borough London SW1X 7TA United Kingdom,Belgravia
2 Rue Saint Sulpice 6th arr 75006 Paris France,Paris
Filmteichstra e 5 10 Favoriten 1100 Vienna Austria,Favoriten
44 Rue Madame 6th arr 75006 Paris France,Paris
8 rue Fr d ric Bastiat 8th arr 75008 Paris France,Gury
9 Place Boulnois 17th arr 75017 Paris France,Paris
36 rue de Saint Quentin 10th arr 75010 Paris France,Paris
64 Rue de l Arbre Sec 1st arr 75001 Paris France,Paris
251 rue Saint Honor 1st arr 75001 Paris France,Paris
10 Rue de la Tour d Auvergne 9th arr 75009 Paris France,Paris
30 Rue Duret 16th arr 75016 Paris France,Paris
Via M Buonarroti 13 Fiera Milano City 20149 Milan Italy,Municipio 7
Avenida Pearson 1 3 Les Corts 08034 Barcelona Spain,Sarrià - Sant Gervasi
78 Rue Blomet 15th arr 75015 Paris France,Paris
6 Rue Saint Placide 6th arr 75006 Paris France,Paris
Calvet 40 42 Sarri St Gervasi 08021 Barcelona Spain,Sarrià - Sant Gervasi
1 5 Passage Ruelle 18th arr 75018 Paris France,Paris
Viriotgasse 5 09 Alsergrund 1090 Vienna Austria,Alsergrund
8 rue d Anjou 8th arr 75008 Paris France,Paris
Prinsengracht 717 Amsterdam City Center 1017 JW Amsterdam Netherlands,Centrum
43 Rue De l Abb Gr goire 6th arr 75006 Paris France,Paris
Johann Staud Stra e 32 16 Ottakring 1160 Vienna Austria,Ottakring
